filename,split,label
Copia di subj_01_left_side_light_00.jpg,test,live
Copia di subj_01_left_side_light_01.jpg,test,live
Copia di subj_01_left_side_light_02.jpg,test,live
Copia di subj_01_light_behind_camera_00.jpg,test,live
Copia di subj_01_light_behind_camera_01.jpg,test,live
Copia di subj_01_light_behind_subj_00.jpg,test,live
Copia di subj_01_light_behind_subj_01.jpg,test,live
Copia di subj_01_light_behind_subj_02.jpg,test,live
Copia di subj_01_low_light_00(1).jpg,test,live
Copia di subj_01_low_light_00.jpg,test,live
Copia di subj_01_low_light_01(1).jpg,test,live
Copia di subj_01_low_light_01.jpg,test,live
Copia di subj_01_low_light_02.jpg,test,live
Copia di subj_01_natural_light_00.jpg,test,live
Copia di subj_01_natural_light_01.jpg,test,live
Copia di subj_01_overexposed_00.jpg,test,live
Copia di subj_01_overexposed_01.jpg,test,live
Copia di subj_01_overexposed_02.jpg,test,live
Copia di subj_01_overhead_light_00.jpg,test,live
Copia di subj_01_overhead_light_01.jpg,test,live
Copia di subj_01_overhead_light_02.jpg,test,live
Copia di subj_01_right_side_light_00.jpg,test,live
Copia di subj_01_right_side_light_01.jpg,test,live
Copia di subj_01_right_side_light_02.jpg,test,live
Copia di subj_01_top_light_00.jpg,test,live
Copia di subj_01_top_light_01.jpg,test,live
Copia di subj_02_left_side_light_00.jpg,test,live
Copia di subj_02_left_side_light_01.jpg,test,live
Copia di subj_02_left_side_light_02.jpg,test,live
Copia di subj_02_light_behind_camera_00.jpg,test,live
Copia di subj_02_light_behind_camera_01.jpg,test,live
Copia di subj_02_light_behind_subj_00.jpg,test,live
Copia di subj_02_light_behind_subj_01.jpg,test,live
Copia di subj_02_light_behind_subj_02.jpg,test,live
Copia di subj_02_low_light_00(1).jpg,test,live
Copia di subj_02_low_light_00.jpg,test,live
Copia di subj_02_low_light_01(1).jpg,test,live
Copia di subj_02_low_light_01.jpg,test,live
Copia di subj_02_low_light_02.jpg,test,live
Copia di subj_02_natural_light_00.jpg,test,live
Copia di subj_02_natural_light_01.jpg,test,live
Copia di subj_02_overexposed_00.jpg,test,live
Copia di subj_02_overexposed_01.jpg,test,live
Copia di subj_02_overexposed_02.jpg,test,live
Copia di subj_02_overhead_light_00.jpg,test,live
Copia di subj_02_overhead_light_01.jpg,test,live
Copia di subj_02_overhead_light_02.jpg,test,live
Copia di subj_02_right_side_light_00.jpg,test,live
Copia di subj_02_right_side_light_01.jpg,test,live
Copia di subj_02_right_side_light_02.jpg,test,live
Copia di subj_02_top_light_00.jpg,test,live
Copia di subj_02_top_light_01.jpg,test,live
Copia di subj_11_left_side_light_00.jpg,test,live
Copia di subj_11_left_side_light_01.jpg,test,live
Copia di subj_11_left_side_light_02.jpg,test,live
Copia di subj_11_light_behind_camera_00.jpg,test,live
Copia di subj_11_light_behind_camera_01.jpg,test,live
Copia di subj_11_light_behind_subj_00.jpg,test,live
Copia di subj_11_light_behind_subj_01.jpg,test,live
Copia di subj_11_light_behind_subj_02.jpg,test,live
Copia di subj_11_low_light_00(1).jpg,test,live
Copia di subj_11_low_light_00.jpg,test,live
Copia di subj_11_low_light_01(1).jpg,test,live
Copia di subj_11_low_light_01.jpg,test,live
Copia di subj_11_low_light_02.jpg,test,live
Copia di subj_11_natural_light_00.jpg,test,live
Copia di subj_11_natural_light_01.jpg,test,live
Copia di subj_11_overexposed_00.jpg,test,live
Copia di subj_11_overexposed_01.jpg,test,live
Copia di subj_11_overexposed_02.jpg,test,live
Copia di subj_11_overhead_light_00.jpg,test,live
Copia di subj_11_overhead_light_01.jpg,test,live
Copia di subj_11_overhead_light_02.jpg,test,live
Copia di subj_11_right_side_light_00.jpg,test,live
Copia di subj_11_right_side_light_01.jpg,test,live
Copia di subj_11_right_side_light_02.jpg,test,live
Copia di subj_11_top_light_00.jpg,test,live
Copia di subj_11_top_light_01.jpg,test,live
Copia di subj_13_left_side_light_00.jpg,test,live
Copia di subj_13_left_side_light_01.jpg,test,live
Copia di subj_13_left_side_light_02.jpg,test,live
Copia di subj_13_light_behind_camera_00.jpg,test,live
Copia di subj_13_light_behind_camera_01.jpg,test,live
Copia di subj_13_light_behind_subj_00.jpg,test,live
Copia di subj_13_light_behind_subj_01.jpg,test,live
Copia di subj_13_light_behind_subj_02.jpg,test,live
Copia di subj_13_low_light_00(1).jpg,test,live
Copia di subj_13_low_light_00.jpg,test,live
Copia di subj_13_low_light_01(1).jpg,test,live
Copia di subj_13_low_light_01.jpg,test,live
Copia di subj_13_low_light_02.jpg,test,live
Copia di subj_13_natural_light_00.jpg,test,live
Copia di subj_13_natural_light_01.jpg,test,live
Copia di subj_13_overexposed_00.jpg,test,live
Copia di subj_13_overexposed_01.jpg,test,live
Copia di subj_13_overexposed_02.jpg,test,live
Copia di subj_13_overhead_light_00.jpg,test,live
Copia di subj_13_overhead_light_01.jpg,test,live
Copia di subj_13_overhead_light_02.jpg,test,live
Copia di subj_13_right_side_light_00.jpg,test,live
Copia di subj_13_right_side_light_01.jpg,test,live
Copia di subj_13_right_side_light_02.jpg,test,live
Copia di subj_13_top_light_00.jpg,test,live
Copia di subj_13_top_light_01.jpg,test,live
Copia di subj_16_left_side_light_00.jpg,test,live
Copia di subj_16_left_side_light_01.jpg,test,live
Copia di subj_16_left_side_light_02.jpg,test,live
Copia di subj_16_light_behind_camera_00.jpg,test,live
Copia di subj_16_light_behind_camera_01.jpg,test,live
Copia di subj_16_light_behind_subj_00.jpg,test,live
Copia di subj_16_light_behind_subj_01.jpg,test,live
Copia di subj_16_light_behind_subj_02.jpg,test,live
Copia di subj_16_low_light_00(1).jpg,test,live
Copia di subj_16_low_light_00.jpg,test,live
Copia di subj_16_low_light_01(1).jpg,test,live
Copia di subj_16_low_light_01.jpg,test,live
Copia di subj_16_low_light_02.jpg,test,live
Copia di subj_16_natural_light_00.jpg,test,live
Copia di subj_16_natural_light_01.jpg,test,live
Copia di subj_16_overexposed_00.jpg,test,live
Copia di subj_16_overexposed_01.jpg,test,live
Copia di subj_16_overexposed_02.jpg,test,live
Copia di subj_16_overhead_light_00.jpg,test,live
Copia di subj_16_overhead_light_01.jpg,test,live
Copia di subj_16_overhead_light_02.jpg,test,live
Copia di subj_16_right_side_light_00.jpg,test,live
Copia di subj_16_right_side_light_01.jpg,test,live
Copia di subj_16_right_side_light_02.jpg,test,live
Copia di subj_16_top_light_00.jpg,test,live
Copia di subj_16_top_light_01.jpg,test,live
Copia di subj_17_left_side_light_00.jpeg,test,live
Copia di subj_17_left_side_light_01.jpeg,test,live
Copia di subj_17_left_side_light_02.jpeg,test,live
Copia di subj_17_light_behind_camera_00.jpeg,test,live
Copia di subj_17_light_behind_camera_01.jpeg,test,live
Copia di subj_17_light_behind_subj_00.jpeg,test,live
Copia di subj_17_light_behind_subj_01.jpeg,test,live
Copia di subj_17_light_behind_subj_02.jpeg,test,live
Copia di subj_17_low_light_00(1).jpeg,test,live
Copia di subj_17_low_light_00.jpeg,test,live
Copia di subj_17_low_light_01(1).jpeg,test,live
Copia di subj_17_low_light_01.jpeg,test,live
Copia di subj_17_low_light_02.jpeg,test,live
Copia di subj_17_natural_light_00.jpeg,test,live
Copia di subj_17_natural_light_01.jpeg,test,live
Copia di subj_17_overexposed_00.jpeg,test,live
Copia di subj_17_overexposed_01.jpeg,test,live
Copia di subj_17_overexposed_02.jpeg,test,live
Copia di subj_17_overhead_light_00.jpeg,test,live
Copia di subj_17_overhead_light_01.jpeg,test,live
Copia di subj_17_overhead_light_02.jpeg,test,live
Copia di subj_17_right_side_light_00.jpeg,test,live
Copia di subj_17_right_side_light_01.jpeg,test,live
Copia di subj_17_right_side_light_02.jpeg,test,live
Copia di subj_17_top_light_00.jpeg,test,live
Copia di subj_17_top_light_01.jpeg,test,live
Copia di subj_18_left_side_light_00.jpeg,test,live
Copia di subj_18_left_side_light_01.jpeg,test,live
Copia di subj_18_left_side_light_02.jpeg,test,live
Copia di subj_18_light_behind_camera_00.jpeg,test,live
Copia di subj_18_light_behind_camera_01.jpeg,test,live
Copia di subj_18_light_behing_subj_00.jpeg,test,live
Copia di subj_18_light_behing_subj_01.jpeg,test,live
Copia di subj_18_light_behing_subj_02.jpeg,test,live
Copia di subj_18_low_light_00(1).jpeg,test,live
Copia di subj_18_low_light_00.jpeg,test,live
Copia di subj_18_low_light_01(1).jpeg,test,live
Copia di subj_18_low_light_01.jpeg,test,live
Copia di subj_18_low_light_02.jpeg,test,live
Copia di subj_18_natural_light_00.jpeg,test,live
Copia di subj_18_natural_light_01.jpeg,test,live
Copia di subj_18_overexposed_00.jpeg,test,live
Copia di subj_18_overexposed_01.jpeg,test,live
Copia di subj_18_overexposed_02.jpeg,test,live
Copia di subj_18_overhead_light_00.jpeg,test,live
Copia di subj_18_overhead_light_01.jpeg,test,live
Copia di subj_18_overhead_light_02.jpeg,test,live
Copia di subj_18_right_side_light_00.jpeg,test,live
Copia di subj_18_right_side_light_01.jpeg,test,live
Copia di subj_18_right_side_light_02.jpeg,test,live
Copia di subj_18_top_light_00.jpeg,test,live
Copia di subj_18_top_light_01.jpeg,test,live
real_2_MOV_f0.jpg,test,live
real_2_MOV_f1.jpg,test,live
real_2_MOV_f10.jpg,test,live
real_2_MOV_f11.jpg,test,live
real_2_MOV_f12.jpg,test,live
real_2_MOV_f13.jpg,test,live
real_2_MOV_f14.jpg,test,live
real_2_MOV_f15.jpg,test,live
real_2_MOV_f16.jpg,test,live
real_2_MOV_f17.jpg,test,live
real_2_MOV_f18.jpg,test,live
real_2_MOV_f19.jpg,test,live
real_2_MOV_f2.jpg,test,live
real_2_MOV_f20.jpg,test,live
real_2_MOV_f21.jpg,test,live
real_2_MOV_f22.jpg,test,live
real_2_MOV_f23.jpg,test,live
real_2_MOV_f24.jpg,test,live
real_2_MOV_f25.jpg,test,live
real_2_MOV_f3.jpg,test,live
real_2_MOV_f4.jpg,test,live
real_2_MOV_f5.jpg,test,live
real_2_MOV_f6.jpg,test,live
real_2_MOV_f7.jpg,test,live
real_2_MOV_f8.jpg,test,live
real_2_MOV_f9.jpg,test,live
real_2_mp4_f0.jpg,test,live
real_2_mp4_f1.jpg,test,live
real_2_mp4_f10.jpg,test,live
real_2_mp4_f11.jpg,test,live
real_2_mp4_f12.jpg,test,live
real_2_mp4_f13.jpg,test,live
real_2_mp4_f14.jpg,test,live
real_2_mp4_f15.jpg,test,live
real_2_mp4_f16.jpg,test,live
real_2_mp4_f17.jpg,test,live
real_2_mp4_f18.jpg,test,live
real_2_mp4_f19.jpg,test,live
real_2_mp4_f2.jpg,test,live
real_2_mp4_f20.jpg,test,live
real_2_mp4_f21.jpg,test,live
real_2_mp4_f22.jpg,test,live
real_2_mp4_f23.jpg,test,live
real_2_mp4_f24.jpg,test,live
real_2_mp4_f25.jpg,test,live
real_2_mp4_f3.jpg,test,live
real_2_mp4_f4.jpg,test,live
real_2_mp4_f5.jpg,test,live
real_2_mp4_f6.jpg,test,live
real_2_mp4_f7.jpg,test,live
real_2_mp4_f8.jpg,test,live
real_2_mp4_f9.jpg,test,live
real_3_MOV_f0.jpg,test,live
real_3_MOV_f1.jpg,test,live
real_3_MOV_f10.jpg,test,live
real_3_MOV_f11.jpg,test,live
real_3_MOV_f12.jpg,test,live
real_3_MOV_f13.jpg,test,live
real_3_MOV_f14.jpg,test,live
real_3_MOV_f15.jpg,test,live
real_3_MOV_f16.jpg,test,live
real_3_MOV_f17.jpg,test,live
real_3_MOV_f18.jpg,test,live
real_3_MOV_f19.jpg,test,live
real_3_MOV_f2.jpg,test,live
real_3_MOV_f20.jpg,test,live
real_3_MOV_f21.jpg,test,live
real_3_MOV_f22.jpg,test,live
real_3_MOV_f23.jpg,test,live
real_3_MOV_f24.jpg,test,live
real_3_MOV_f25.jpg,test,live
real_3_MOV_f3.jpg,test,live
real_3_MOV_f4.jpg,test,live
real_3_MOV_f5.jpg,test,live
real_3_MOV_f6.jpg,test,live
real_3_MOV_f7.jpg,test,live
real_3_MOV_f8.jpg,test,live
real_3_MOV_f9.jpg,test,live
real_4_MOV_f0.jpg,test,live
real_4_MOV_f1.jpg,test,live
real_4_MOV_f10.jpg,test,live
real_4_MOV_f11.jpg,test,live
real_4_MOV_f12.jpg,test,live
real_4_MOV_f13.jpg,test,live
real_4_MOV_f14.jpg,test,live
real_4_MOV_f15.jpg,test,live
real_4_MOV_f16.jpg,test,live
real_4_MOV_f17.jpg,test,live
real_4_MOV_f18.jpg,test,live
real_4_MOV_f19.jpg,test,live
real_4_MOV_f2.jpg,test,live
real_4_MOV_f20.jpg,test,live
real_4_MOV_f21.jpg,test,live
real_4_MOV_f22.jpg,test,live
real_4_MOV_f23.jpg,test,live
real_4_MOV_f24.jpg,test,live
real_4_MOV_f25.jpg,test,live
real_4_MOV_f3.jpg,test,live
real_4_MOV_f4.jpg,test,live
real_4_MOV_f5.jpg,test,live
real_4_MOV_f6.jpg,test,live
real_4_MOV_f7.jpg,test,live
real_4_MOV_f8.jpg,test,live
real_4_MOV_f9.jpg,test,live
real_4_mp4_f0.jpg,test,live
real_4_mp4_f1.jpg,test,live
real_4_mp4_f10.jpg,test,live
real_4_mp4_f11.jpg,test,live
real_4_mp4_f12.jpg,test,live
real_4_mp4_f13.jpg,test,live
real_4_mp4_f14.jpg,test,live
real_4_mp4_f15.jpg,test,live
real_4_mp4_f16.jpg,test,live
real_4_mp4_f17.jpg,test,live
real_4_mp4_f18.jpg,test,live
real_4_mp4_f19.jpg,test,live
real_4_mp4_f2.jpg,test,live
real_4_mp4_f20.jpg,test,live
real_4_mp4_f21.jpg,test,live
real_4_mp4_f22.jpg,test,live
real_4_mp4_f23.jpg,test,live
real_4_mp4_f24.jpg,test,live
real_4_mp4_f25.jpg,test,live
real_4_mp4_f3.jpg,test,live
real_4_mp4_f4.jpg,test,live
real_4_mp4_f5.jpg,test,live
real_4_mp4_f6.jpg,test,live
real_4_mp4_f7.jpg,test,live
real_4_mp4_f8.jpg,test,live
real_4_mp4_f9.jpg,test,live
01_1.jpg,test,spoof
01_10.jpg,test,spoof
01_11.jpg,test,spoof
01_12.jpg,test,spoof
01_13.jpg,test,spoof
01_14.jpg,test,spoof
01_15.jpg,test,spoof
01_16.jpg,test,spoof
01_17.jpg,test,spoof
01_18.jpg,test,spoof
01_19.jpg,test,spoof
01_2.jpg,test,spoof
01_20.jpg,test,spoof
01_21.jpg,test,spoof
01_22.jpg,test,spoof
01_23.jpg,test,spoof
01_24.jpg,test,spoof
01_25.jpg,test,spoof
01_26.jpg,test,spoof
01_3.jpg,test,spoof
01_4.jpg,test,spoof
01_5.jpg,test,spoof
01_6.jpg,test,spoof
01_7.jpg,test,spoof
01_8.jpg,test,spoof
01_9.jpg,test,spoof
02_1.jpg,test,spoof
02_10.jpg,test,spoof
02_11.jpg,test,spoof
02_12.jpg,test,spoof
02_13.jpg,test,spoof
02_14.jpg,test,spoof
02_15.jpg,test,spoof
02_16.jpg,test,spoof
02_17.jpg,test,spoof
02_18.jpg,test,spoof
02_19.jpg,test,spoof
02_2.jpg,test,spoof
02_20.jpg,test,spoof
02_21.jpg,test,spoof
02_22.jpg,test,spoof
02_23.jpg,test,spoof
02_24.jpg,test,spoof
02_25.jpg,test,spoof
02_26.jpg,test,spoof
02_3.jpg,test,spoof
02_4.jpg,test,spoof
02_5.jpg,test,spoof
02_6.jpg,test,spoof
02_7.jpg,test,spoof
02_8.jpg,test,spoof
02_9.jpg,test,spoof
0_mp4_f0.jpg,test,spoof
0_mp4_f1.jpg,test,spoof
0_mp4_f10.jpg,test,spoof
0_mp4_f11.jpg,test,spoof
0_mp4_f12.jpg,test,spoof
0_mp4_f13.jpg,test,spoof
0_mp4_f14.jpg,test,spoof
0_mp4_f2.jpg,test,spoof
0_mp4_f3.jpg,test,spoof
0_mp4_f4.jpg,test,spoof
0_mp4_f5.jpg,test,spoof
0_mp4_f6.jpg,test,spoof
0_mp4_f7.jpg,test,spoof
0_mp4_f8.jpg,test,spoof
0_mp4_f9.jpg,test,spoof
11_1.jpg,test,spoof
11_10.jpg,test,spoof
11_11.jpg,test,spoof
11_12.jpg,test,spoof
11_13.jpg,test,spoof
11_14.jpg,test,spoof
11_15.jpg,test,spoof
11_16.jpg,test,spoof
11_17.jpg,test,spoof
11_18.jpg,test,spoof
11_19.jpg,test,spoof
11_2.jpg,test,spoof
11_20.jpg,test,spoof
11_21.jpg,test,spoof
11_22.jpg,test,spoof
11_23.jpg,test,spoof
11_24.jpg,test,spoof
11_25.jpg,test,spoof
11_26.jpg,test,spoof
11_3.jpg,test,spoof
11_4.jpg,test,spoof
11_5.jpg,test,spoof
11_6.jpg,test,spoof
11_7.jpg,test,spoof
11_8.jpg,test,spoof
11_9.jpg,test,spoof
13_1.jpg,test,spoof
13_10.jpg,test,spoof
13_11.jpg,test,spoof
13_12.jpg,test,spoof
13_13.jpg,test,spoof
13_14.jpg,test,spoof
13_15.jpg,test,spoof
13_16.jpg,test,spoof
13_17.jpg,test,spoof
13_18.jpg,test,spoof
13_19.jpg,test,spoof
13_2.jpg,test,spoof
13_20.jpg,test,spoof
13_21.jpg,test,spoof
13_22.jpg,test,spoof
13_23.jpg,test,spoof
13_24.jpg,test,spoof
13_25.jpg,test,spoof
13_26.jpg,test,spoof
13_3.jpg,test,spoof
13_4.jpg,test,spoof
13_5.jpg,test,spoof
13_6.jpg,test,spoof
13_7.jpg,test,spoof
13_8.jpg,test,spoof
13_9.jpg,test,spoof
1638285251_0_0002_False_mp4_f0.jpg,test,spoof
1638285251_0_0002_False_mp4_f1.jpg,test,spoof
1638285251_0_0002_False_mp4_f10.jpg,test,spoof
1638285251_0_0002_False_mp4_f11.jpg,test,spoof
1638285251_0_0002_False_mp4_f12.jpg,test,spoof
1638285251_0_0002_False_mp4_f13.jpg,test,spoof
1638285251_0_0002_False_mp4_f14.jpg,test,spoof
1638285251_0_0002_False_mp4_f2.jpg,test,spoof
1638285251_0_0002_False_mp4_f3.jpg,test,spoof
1638285251_0_0002_False_mp4_f4.jpg,test,spoof
1638285251_0_0002_False_mp4_f5.jpg,test,spoof
1638285251_0_0002_False_mp4_f6.jpg,test,spoof
1638285251_0_0002_False_mp4_f7.jpg,test,spoof
1638285251_0_0002_False_mp4_f8.jpg,test,spoof
1638285251_0_0002_False_mp4_f9.jpg,test,spoof
16_1.jpg,test,spoof
16_10.jpg,test,spoof
16_11.jpg,test,spoof
16_12.jpg,test,spoof
16_13.jpg,test,spoof
16_14.jpg,test,spoof
16_15.jpg,test,spoof
16_16.jpg,test,spoof
16_17.jpg,test,spoof
16_18.jpg,test,spoof
16_19.jpg,test,spoof
16_2.jpg,test,spoof
16_20.jpg,test,spoof
16_21.jpg,test,spoof
16_22.jpg,test,spoof
16_23.jpg,test,spoof
16_24.jpg,test,spoof
16_25.jpg,test,spoof
16_26.jpg,test,spoof
16_3.jpg,test,spoof
16_4.jpg,test,spoof
16_5.jpg,test,spoof
16_6.jpg,test,spoof
16_7.jpg,test,spoof
16_8.jpg,test,spoof
16_9.jpg,test,spoof
16_mp4_f0.jpg,test,spoof
16_mp4_f1.jpg,test,spoof
16_mp4_f10.jpg,test,spoof
16_mp4_f11.jpg,test,spoof
16_mp4_f12.jpg,test,spoof
16_mp4_f13.jpg,test,spoof
16_mp4_f14.jpg,test,spoof
16_mp4_f2.jpg,test,spoof
16_mp4_f3.jpg,test,spoof
16_mp4_f4.jpg,test,spoof
16_mp4_f5.jpg,test,spoof
16_mp4_f6.jpg,test,spoof
16_mp4_f7.jpg,test,spoof
16_mp4_f8.jpg,test,spoof
16_mp4_f9.jpg,test,spoof
17_1.jpg,test,spoof
17_10.jpg,test,spoof
17_11.jpg,test,spoof
17_12.jpg,test,spoof
17_13.jpg,test,spoof
17_14.jpg,test,spoof
17_15.jpg,test,spoof
17_16.jpg,test,spoof
17_17.jpg,test,spoof
17_18.jpg,test,spoof
17_19.jpg,test,spoof
17_2.jpg,test,spoof
17_20.jpg,test,spoof
17_21.jpg,test,spoof
17_22.jpg,test,spoof
17_23.jpg,test,spoof
17_24.jpg,test,spoof
17_25.jpg,test,spoof
17_26.jpg,test,spoof
17_3.jpg,test,spoof
17_4.jpg,test,spoof
17_5.jpg,test,spoof
17_6.jpg,test,spoof
17_7.jpg,test,spoof
17_8.jpg,test,spoof
17_9.jpg,test,spoof
17_MOV_f0.jpg,test,spoof
17_MOV_f1.jpg,test,spoof
17_MOV_f10.jpg,test,spoof
17_MOV_f11.jpg,test,spoof
17_MOV_f12.jpg,test,spoof
17_MOV_f13.jpg,test,spoof
17_MOV_f14.jpg,test,spoof
17_MOV_f2.jpg,test,spoof
17_MOV_f3.jpg,test,spoof
17_MOV_f4.jpg,test,spoof
17_MOV_f5.jpg,test,spoof
17_MOV_f6.jpg,test,spoof
17_MOV_f7.jpg,test,spoof
17_MOV_f8.jpg,test,spoof
17_MOV_f9.jpg,test,spoof
18_1.jpg,test,spoof
18_10.jpg,test,spoof
18_11.jpg,test,spoof
18_12.jpg,test,spoof
18_13.jpg,test,spoof
18_14.jpg,test,spoof
18_15.jpg,test,spoof
18_16.jpg,test,spoof
18_17.jpg,test,spoof
18_18.jpg,test,spoof
18_19.jpg,test,spoof
18_2.jpg,test,spoof
18_20.jpg,test,spoof
18_21.jpg,test,spoof
18_22.jpg,test,spoof
18_23.jpg,test,spoof
18_24.jpg,test,spoof
18_25.jpg,test,spoof
18_26.jpg,test,spoof
18_3.jpg,test,spoof
18_4.jpg,test,spoof
18_5.jpg,test,spoof
18_6.jpg,test,spoof
18_7.jpg,test,spoof
18_8.jpg,test,spoof
18_9.jpg,test,spoof
5_mp4_f0.jpg,test,spoof
5_mp4_f1.jpg,test,spoof
5_mp4_f10.jpg,test,spoof
5_mp4_f11.jpg,test,spoof
5_mp4_f12.jpg,test,spoof
5_mp4_f13.jpg,test,spoof
5_mp4_f14.jpg,test,spoof
5_mp4_f2.jpg,test,spoof
5_mp4_f3.jpg,test,spoof
5_mp4_f4.jpg,test,spoof
5_mp4_f5.jpg,test,spoof
5_mp4_f6.jpg,test,spoof
5_mp4_f7.jpg,test,spoof
5_mp4_f8.jpg,test,spoof
5_mp4_f9.jpg,test,spoof
7_mp4_f0.jpg,test,spoof
7_mp4_f1.jpg,test,spoof
7_mp4_f10.jpg,test,spoof
7_mp4_f11.jpg,test,spoof
7_mp4_f12.jpg,test,spoof
7_mp4_f13.jpg,test,spoof
7_mp4_f14.jpg,test,spoof
7_mp4_f2.jpg,test,spoof
7_mp4_f3.jpg,test,spoof
7_mp4_f4.jpg,test,spoof
7_mp4_f5.jpg,test,spoof
7_mp4_f6.jpg,test,spoof
7_mp4_f7.jpg,test,spoof
7_mp4_f9.jpg,test,spoof
PXL_20211130_150258429_mp4_f0.jpg,test,spoof
PXL_20211130_150258429_mp4_f1.jpg,test,spoof
PXL_20211130_150258429_mp4_f10.jpg,test,spoof
PXL_20211130_150258429_mp4_f11.jpg,test,spoof
PXL_20211130_150258429_mp4_f12.jpg,test,spoof
PXL_20211130_150258429_mp4_f13.jpg,test,spoof
PXL_20211130_150258429_mp4_f14.jpg,test,spoof
PXL_20211130_150258429_mp4_f2.jpg,test,spoof
PXL_20211130_150258429_mp4_f3.jpg,test,spoof
PXL_20211130_150258429_mp4_f4.jpg,test,spoof
PXL_20211130_150258429_mp4_f5.jpg,test,spoof
PXL_20211130_150258429_mp4_f6.jpg,test,spoof
PXL_20211130_150258429_mp4_f7.jpg,test,spoof
PXL_20211130_150258429_mp4_f8.jpg,test,spoof
PXL_20211130_150258429_mp4_f9.jpg,test,spoof
PXL_20211130_150443721_mp4_f0.jpg,test,spoof
PXL_20211130_150443721_mp4_f1.jpg,test,spoof
PXL_20211130_150443721_mp4_f10.jpg,test,spoof
PXL_20211130_150443721_mp4_f11.jpg,test,spoof
PXL_20211130_150443721_mp4_f12.jpg,test,spoof
PXL_20211130_150443721_mp4_f13.jpg,test,spoof
PXL_20211130_150443721_mp4_f14.jpg,test,spoof
PXL_20211130_150443721_mp4_f2.jpg,test,spoof
PXL_20211130_150443721_mp4_f3.jpg,test,spoof
PXL_20211130_150443721_mp4_f4.jpg,test,spoof
PXL_20211130_150443721_mp4_f5.jpg,test,spoof
PXL_20211130_150443721_mp4_f6.jpg,test,spoof
PXL_20211130_150443721_mp4_f7.jpg,test,spoof
PXL_20211130_150443721_mp4_f8.jpg,test,spoof
PXL_20211130_150443721_mp4_f9.jpg,test,spoof
PXL_20211130_150449813_mp4_f0.jpg,test,spoof
PXL_20211130_150449813_mp4_f1.jpg,test,spoof
PXL_20211130_150449813_mp4_f10.jpg,test,spoof
PXL_20211130_150449813_mp4_f11.jpg,test,spoof
PXL_20211130_150449813_mp4_f12.jpg,test,spoof
PXL_20211130_150449813_mp4_f13.jpg,test,spoof
PXL_20211130_150449813_mp4_f14.jpg,test,spoof
PXL_20211130_150449813_mp4_f2.jpg,test,spoof
PXL_20211130_150449813_mp4_f3.jpg,test,spoof
PXL_20211130_150449813_mp4_f4.jpg,test,spoof
PXL_20211130_150449813_mp4_f5.jpg,test,spoof
PXL_20211130_150449813_mp4_f6.jpg,test,spoof
PXL_20211130_150449813_mp4_f7.jpg,test,spoof
PXL_20211130_150449813_mp4_f8.jpg,test,spoof
PXL_20211130_150449813_mp4_f9.jpg,test,spoof
PXL_20211130_150503287_mp4_f0.jpg,test,spoof
PXL_20211130_150503287_mp4_f1.jpg,test,spoof
PXL_20211130_150503287_mp4_f10.jpg,test,spoof
PXL_20211130_150503287_mp4_f11.jpg,test,spoof
PXL_20211130_150503287_mp4_f12.jpg,test,spoof
PXL_20211130_150503287_mp4_f13.jpg,test,spoof
PXL_20211130_150503287_mp4_f14.jpg,test,spoof
PXL_20211130_150503287_mp4_f2.jpg,test,spoof
PXL_20211130_150503287_mp4_f3.jpg,test,spoof
PXL_20211130_150503287_mp4_f4.jpg,test,spoof
PXL_20211130_150503287_mp4_f5.jpg,test,spoof
PXL_20211130_150503287_mp4_f6.jpg,test,spoof
PXL_20211130_150503287_mp4_f7.jpg,test,spoof
PXL_20211130_150503287_mp4_f8.jpg,test,spoof
PXL_20211130_150503287_mp4_f9.jpg,test,spoof
replay_video_MOV_f0.jpg,test,spoof
replay_video_MOV_f1.jpg,test,spoof
replay_video_MOV_f10.jpg,test,spoof
replay_video_MOV_f11.jpg,test,spoof
replay_video_MOV_f12.jpg,test,spoof
replay_video_MOV_f13.jpg,test,spoof
replay_video_MOV_f14.jpg,test,spoof
replay_video_MOV_f2.jpg,test,spoof
replay_video_MOV_f3.jpg,test,spoof
replay_video_MOV_f4.jpg,test,spoof
replay_video_MOV_f5.jpg,test,spoof
replay_video_MOV_f6.jpg,test,spoof
replay_video_MOV_f7.jpg,test,spoof
replay_video_MOV_f8.jpg,test,spoof
replay_video_MOV_f9.jpg,test,spoof
replay_video_mp4_f0.jpg,test,spoof
replay_video_mp4_f1.jpg,test,spoof
replay_video_mp4_f10.jpg,test,spoof
replay_video_mp4_f11.jpg,test,spoof
replay_video_mp4_f12.jpg,test,spoof
replay_video_mp4_f13.jpg,test,spoof
replay_video_mp4_f14.jpg,test,spoof
replay_video_mp4_f2.jpg,test,spoof
replay_video_mp4_f3.jpg,test,spoof
replay_video_mp4_f4.jpg,test,spoof
replay_video_mp4_f5.jpg,test,spoof
replay_video_mp4_f6.jpg,test,spoof
replay_video_mp4_f7.jpg,test,spoof
replay_video_mp4_f8.jpg,test,spoof
replay_video_mp4_f9.jpg,test,spoof
Copia di subj_00_left_side_light_00.jpg,train,live
Copia di subj_00_left_side_light_01.jpg,train,live
Copia di subj_00_left_side_light_02.jpg,train,live
Copia di subj_00_light_behind_camera_00.jpg,train,live
Copia di subj_00_light_behind_camera_01.jpg,train,live
Copia di subj_00_light_behind_subj_00.jpg,train,live
Copia di subj_00_light_behind_subj_01.jpg,train,live
Copia di subj_00_light_behind_subj_02.jpg,train,live
Copia di subj_00_low_light_00(1).jpg,train,live
Copia di subj_00_low_light_00.jpg,train,live
Copia di subj_00_low_light_01(1).jpg,train,live
Copia di subj_00_low_light_01.jpg,train,live
Copia di subj_00_low_light_02.jpg,train,live
Copia di subj_00_natural_light_00.jpg,train,live
Copia di subj_00_natural_light_01.jpg,train,live
Copia di subj_00_overexposed_00.jpg,train,live
Copia di subj_00_overexposed_01.jpg,train,live
Copia di subj_00_overexposed_02.jpg,train,live
Copia di subj_00_overhead_light_00.jpg,train,live
Copia di subj_00_overhead_light_01.jpg,train,live
Copia di subj_00_overhead_light_02.jpg,train,live
Copia di subj_00_right_side_light_00.jpg,train,live
Copia di subj_00_right_side_light_01.jpg,train,live
Copia di subj_00_right_side_light_02.jpg,train,live
Copia di subj_00_top_light_00.jpg,train,live
Copia di subj_00_top_light_01.jpg,train,live
Copia di subj_03_left_side_light_00.jpg,train,live
Copia di subj_03_left_side_light_01.jpg,train,live
Copia di subj_03_left_side_light_02.jpg,train,live
Copia di subj_03_light_behind_camera_00.jpg,train,live
Copia di subj_03_light_behind_camera_01.jpg,train,live
Copia di subj_03_light_behind_subj_00.jpg,train,live
Copia di subj_03_light_behind_subj_01.jpg,train,live
Copia di subj_03_light_behind_subj_02.jpg,train,live
Copia di subj_03_low_light_00(1).jpg,train,live
Copia di subj_03_low_light_00.jpg,train,live
Copia di subj_03_low_light_01(1).jpg,train,live
Copia di subj_03_low_light_01.jpg,train,live
Copia di subj_03_low_light_02.jpg,train,live
Copia di subj_03_natural_light_00.jpg,train,live
Copia di subj_03_natural_light_01.jpg,train,live
Copia di subj_03_overexposed_00.jpg,train,live
Copia di subj_03_overexposed_01.jpg,train,live
Copia di subj_03_overexposed_02.jpg,train,live
Copia di subj_03_overhead_light_00.jpg,train,live
Copia di subj_03_overhead_light_01.jpg,train,live
Copia di subj_03_overhead_light_02.jpg,train,live
Copia di subj_03_right_side_light_00.jpg,train,live
Copia di subj_03_right_side_light_01.jpg,train,live
Copia di subj_03_right_side_light_02.jpg,train,live
Copia di subj_03_top_light_00.jpg,train,live
Copia di subj_03_top_light_01.jpg,train,live
Copia di subj_04_left_side_light_00.jpg,train,live
Copia di subj_04_left_side_light_01.jpg,train,live
Copia di subj_04_left_side_light_02.jpg,train,live
Copia di subj_04_light_behind_camera_00.jpg,train,live
Copia di subj_04_light_behind_camera_01.jpg,train,live
Copia di subj_04_light_behind_subj_00.jpg,train,live
Copia di subj_04_light_behind_subj_01.jpg,train,live
Copia di subj_04_light_behind_subj_02.jpg,train,live
Copia di subj_04_low_light_00(1).jpg,train,live
Copia di subj_04_low_light_00.jpg,train,live
Copia di subj_04_low_light_01(1).jpg,train,live
Copia di subj_04_low_light_01.jpg,train,live
Copia di subj_04_low_light_02.jpg,train,live
Copia di subj_04_natural_light_00.jpg,train,live
Copia di subj_04_natural_light_01.jpg,train,live
Copia di subj_04_overexposed_00.jpg,train,live
Copia di subj_04_overexposed_01.jpg,train,live
Copia di subj_04_overexposed_02.jpg,train,live
Copia di subj_04_overhead_light_00.jpg,train,live
Copia di subj_04_overhead_light_01.jpg,train,live
Copia di subj_04_overhead_light_02.jpg,train,live
Copia di subj_04_right_side_light_00.jpg,train,live
Copia di subj_04_right_side_light_01.jpg,train,live
Copia di subj_04_right_side_light_02.jpg,train,live
Copia di subj_04_top_light_00.jpg,train,live
Copia di subj_04_top_light_01.jpg,train,live
Copia di subj_05_left_side_light_00.jpg,train,live
Copia di subj_05_left_side_light_01.jpg,train,live
Copia di subj_05_left_side_light_02.jpg,train,live
Copia di subj_05_light_behind_camera_00.jpg,train,live
Copia di subj_05_light_behind_camera_01.jpg,train,live
Copia di subj_05_light_behind_subj_00.jpg,train,live
Copia di subj_05_light_behind_subj_01.jpg,train,live
Copia di subj_05_light_behind_subj_02.jpg,train,live
Copia di subj_05_low_light_00(1).jpg,train,live
Copia di subj_05_low_light_00.jpg,train,live
Copia di subj_05_low_light_01(1).jpg,train,live
Copia di subj_05_low_light_01.jpg,train,live
Copia di subj_05_low_light_02.jpg,train,live
Copia di subj_05_natural_light_00.jpg,train,live
Copia di subj_05_natural_light_01.jpg,train,live
Copia di subj_05_overexposed_00.jpg,train,live
Copia di subj_05_overexposed_01.jpg,train,live
Copia di subj_05_overexposed_02.jpg,train,live
Copia di subj_05_overhead_light_00.jpg,train,live
Copia di subj_05_overhead_light_01.jpg,train,live
Copia di subj_05_overhead_light_02.jpg,train,live
Copia di subj_05_right_side_light_00.jpg,train,live
Copia di subj_05_right_side_light_01.jpg,train,live
Copia di subj_05_right_side_light_02.jpg,train,live
Copia di subj_05_top_light_00.jpg,train,live
Copia di subj_05_top_light_01.jpg,train,live
Copia di subj_06_left_side_light_00.jpeg,train,live
Copia di subj_06_left_side_light_01.jpeg,train,live
Copia di subj_06_left_side_light_02.jpeg,train,live
Copia di subj_06_light_behind_camera_00.jpeg,train,live
Copia di subj_06_light_behind_camera_01.jpeg,train,live
Copia di subj_06_light_behind_subj_00.jpeg,train,live
Copia di subj_06_light_behind_subj_01.jpeg,train,live
Copia di subj_06_light_behind_subj_02.jpeg,train,live
Copia di subj_06_low_light_00(1).jpeg,train,live
Copia di subj_06_low_light_00.jpeg,train,live
Copia di subj_06_low_light_01(1).jpeg,train,live
Copia di subj_06_low_light_01.jpeg,train,live
Copia di subj_06_low_light_02.jpeg,train,live
Copia di subj_06_natural_light_00.jpeg,train,live
Copia di subj_06_natural_light_01.jpeg,train,live
Copia di subj_06_overexposed_00.jpeg,train,live
Copia di subj_06_overexposed_01.jpeg,train,live
Copia di subj_06_overexposed_02.jpeg,train,live
Copia di subj_06_overhead_light_00.jpeg,train,live
Copia di subj_06_overhead_light_01.jpeg,train,live
Copia di subj_06_overhead_light_02.jpeg,train,live
Copia di subj_06_right_side_light_00.jpeg,train,live
Copia di subj_06_right_side_light_01.jpeg,train,live
Copia di subj_06_right_side_light_02.jpeg,train,live
Copia di subj_06_top_light_00.jpeg,train,live
Copia di subj_06_top_light_01.jpeg,train,live
Copia di subj_07_left_side_light_00.jpg,train,live
Copia di subj_07_left_side_light_01.jpg,train,live
Copia di subj_07_left_side_light_02.jpg,train,live
Copia di subj_07_light_behind_camera_00.jpg,train,live
Copia di subj_07_light_behind_camera_01.jpg,train,live
Copia di subj_07_light_behind_subj_00.jpg,train,live
Copia di subj_07_light_behind_subj_01.jpg,train,live
Copia di subj_07_light_behind_subj_02.jpg,train,live
Copia di subj_07_low_light_00(1).jpg,train,live
Copia di subj_07_low_light_00.jpg,train,live
Copia di subj_07_low_light_01(1).jpg,train,live
Copia di subj_07_low_light_01.jpg,train,live
Copia di subj_07_low_light_02.jpg,train,live
Copia di subj_07_natural_light_00.jpg,train,live
Copia di subj_07_natural_light_01.jpg,train,live
Copia di subj_07_overexposed_00.jpg,train,live
Copia di subj_07_overexposed_01.jpg,train,live
Copia di subj_07_overexposed_02.jpg,train,live
Copia di subj_07_overhead_light_00.jpg,train,live
Copia di subj_07_overhead_light_01.jpg,train,live
Copia di subj_07_overhead_light_02.jpg,train,live
Copia di subj_07_right_side_light_00.jpg,train,live
Copia di subj_07_right_side_light_01.jpg,train,live
Copia di subj_07_right_side_light_02.jpg,train,live
Copia di subj_07_top_light_00.jpg,train,live
Copia di subj_07_top_light_01.jpg,train,live
Copia di subj_08_left_side_light_00.jpg,train,live
Copia di subj_08_left_side_light_01.jpg,train,live
Copia di subj_08_left_side_light_02.jpg,train,live
Copia di subj_08_light_behind_camera_00.jpg,train,live
Copia di subj_08_light_behind_camera_01.jpg,train,live
Copia di subj_08_light_behind_subj_00.jpg,train,live
Copia di subj_08_light_behind_subj_01.jpg,train,live
Copia di subj_08_light_behind_subj_02.jpg,train,live
Copia di subj_08_low_light_00(1).jpg,train,live
Copia di subj_08_low_light_00.jpg,train,live
Copia di subj_08_low_light_01(1).jpg,train,live
Copia di subj_08_low_light_01.jpg,train,live
Copia di subj_08_low_light_02.jpg,train,live
Copia di subj_08_natural_light_00.jpg,train,live
Copia di subj_08_natural_light_01.jpg,train,live
Copia di subj_08_overexposed_00.jpg,train,live
Copia di subj_08_overexposed_01.jpg,train,live
Copia di subj_08_overexposed_02.jpg,train,live
Copia di subj_08_overhead_light_00.jpg,train,live
Copia di subj_08_overhead_light_01.jpg,train,live
Copia di subj_08_overhead_light_02.jpg,train,live
Copia di subj_08_right_side_light_00.jpg,train,live
Copia di subj_08_right_side_light_01.jpg,train,live
Copia di subj_08_right_side_light_02.jpg,train,live
Copia di subj_08_top_light_00.jpg,train,live
Copia di subj_08_top_light_01.jpg,train,live
Copia di subj_09_left_side_light_00.jpg,train,live
Copia di subj_09_left_side_light_01.jpg,train,live
Copia di subj_09_left_side_light_02.jpg,train,live
Copia di subj_09_light_behind_camera_00.jpg,train,live
Copia di subj_09_light_behind_camera_01.jpg,train,live
Copia di subj_09_light_behind_subj_00.jpg,train,live
Copia di subj_09_light_behind_subj_01.jpg,train,live
Copia di subj_09_light_behind_subj_02.jpg,train,live
Copia di subj_09_low_light_00(1).jpg,train,live
Copia di subj_09_low_light_00.jpg,train,live
Copia di subj_09_low_light_01(1).jpg,train,live
Copia di subj_09_low_light_01.jpg,train,live
Copia di subj_09_low_light_02.jpg,train,live
Copia di subj_09_natural_light_00.jpg,train,live
Copia di subj_09_natural_light_01.jpg,train,live
Copia di subj_09_overexposed_00.jpg,train,live
Copia di subj_09_overexposed_01.jpg,train,live
Copia di subj_09_overexposed_02.jpg,train,live
Copia di subj_09_overhead_light_00.jpg,train,live
Copia di subj_09_overhead_light_01.jpg,train,live
Copia di subj_09_overhead_light_02.jpg,train,live
Copia di subj_09_right_side_light_00.jpg,train,live
Copia di subj_09_right_side_light_01.jpg,train,live
Copia di subj_09_right_side_light_02.jpg,train,live
Copia di subj_09_top_light_00.jpg,train,live
Copia di subj_09_top_light_01.jpg,train,live
Copia di subj_10_left_side_light_00.jpg,train,live
Copia di subj_10_left_side_light_01.jpg,train,live
Copia di subj_10_left_side_light_02.jpg,train,live
Copia di subj_10_light_behind_camera_00.jpg,train,live
Copia di subj_10_light_behind_camera_01.jpg,train,live
Copia di subj_10_light_behind_subj_00.jpg,train,live
Copia di subj_10_light_behind_subj_01.jpg,train,live
Copia di subj_10_light_behind_subj_02.jpg,train,live
Copia di subj_10_low_light_00(1).jpg,train,live
Copia di subj_10_low_light_00.jpg,train,live
Copia di subj_10_low_light_01(1).jpg,train,live
Copia di subj_10_low_light_01.jpg,train,live
Copia di subj_10_low_light_02.jpg,train,live
Copia di subj_10_natural_light_00.jpg,train,live
Copia di subj_10_natural_light_01.jpg,train,live
Copia di subj_10_overexposed_00.jpg,train,live
Copia di subj_10_overexposed_01.jpg,train,live
Copia di subj_10_overexposed_02.jpg,train,live
Copia di subj_10_overhead_light_00.jpg,train,live
Copia di subj_10_overhead_light_01.jpg,train,live
Copia di subj_10_overhead_light_02.jpg,train,live
Copia di subj_10_right_side_light_00.jpg,train,live
Copia di subj_10_right_side_light_01.jpg,train,live
Copia di subj_10_right_side_light_02.jpg,train,live
Copia di subj_10_top_light_00.jpg,train,live
Copia di subj_10_top_light_01.jpg,train,live
Copia di subj_12_left_side_light_00.jpeg,train,live
Copia di subj_12_left_side_light_01.jpeg,train,live
Copia di subj_12_left_side_light_02.jpeg,train,live
Copia di subj_12_light_behind_camera_00.jpeg,train,live
Copia di subj_12_light_behind_camera_01.jpeg,train,live
Copia di subj_12_light_behind_subj_00.jpeg,train,live
Copia di subj_12_light_behind_subj_01.jpeg,train,live
Copia di subj_12_light_behind_subj_02.jpeg,train,live
Copia di subj_12_low_light_00(1).jpeg,train,live
Copia di subj_12_low_light_00.jpeg,train,live
Copia di subj_12_low_light_01(1).jpeg,train,live
Copia di subj_12_low_light_01.jpeg,train,live
Copia di subj_12_low_light_02.jpeg,train,live
Copia di subj_12_natural_light_00.jpeg,train,live
Copia di subj_12_natural_light_01.jpeg,train,live
Copia di subj_12_overexposed_00.jpeg,train,live
Copia di subj_12_overexposed_01.jpeg,train,live
Copia di subj_12_overexposed_02.jpeg,train,live
Copia di subj_12_overhead_light_00.jpeg,train,live
Copia di subj_12_overhead_light_01.jpeg,train,live
Copia di subj_12_overhead_light_02.jpeg,train,live
Copia di subj_12_right_side_light_00.jpeg,train,live
Copia di subj_12_right_side_light_01.jpeg,train,live
Copia di subj_12_right_side_light_02.jpeg,train,live
Copia di subj_12_top_light_00.jpeg,train,live
Copia di subj_12_top_light_01.jpeg,train,live
real_1_MOV_f0.jpg,train,live
real_1_MOV_f1.jpg,train,live
real_1_MOV_f10.jpg,train,live
real_1_MOV_f11.jpg,train,live
real_1_MOV_f12.jpg,train,live
real_1_MOV_f13.jpg,train,live
real_1_MOV_f14.jpg,train,live
real_1_MOV_f15.jpg,train,live
real_1_MOV_f16.jpg,train,live
real_1_MOV_f17.jpg,train,live
real_1_MOV_f18.jpg,train,live
real_1_MOV_f19.jpg,train,live
real_1_MOV_f2.jpg,train,live
real_1_MOV_f20.jpg,train,live
real_1_MOV_f21.jpg,train,live
real_1_MOV_f22.jpg,train,live
real_1_MOV_f23.jpg,train,live
real_1_MOV_f24.jpg,train,live
real_1_MOV_f25.jpg,train,live
real_1_MOV_f3.jpg,train,live
real_1_MOV_f4.jpg,train,live
real_1_MOV_f5.jpg,train,live
real_1_MOV_f6.jpg,train,live
real_1_MOV_f7.jpg,train,live
real_1_MOV_f8.jpg,train,live
real_1_MOV_f9.jpg,train,live
real_1_mp4_f0.jpg,train,live
real_1_mp4_f1.jpg,train,live
real_1_mp4_f10.jpg,train,live
real_1_mp4_f11.jpg,train,live
real_1_mp4_f12.jpg,train,live
real_1_mp4_f13.jpg,train,live
real_1_mp4_f14.jpg,train,live
real_1_mp4_f15.jpg,train,live
real_1_mp4_f16.jpg,train,live
real_1_mp4_f17.jpg,train,live
real_1_mp4_f18.jpg,train,live
real_1_mp4_f19.jpg,train,live
real_1_mp4_f2.jpg,train,live
real_1_mp4_f20.jpg,train,live
real_1_mp4_f21.jpg,train,live
real_1_mp4_f22.jpg,train,live
real_1_mp4_f23.jpg,train,live
real_1_mp4_f24.jpg,train,live
real_1_mp4_f25.jpg,train,live
real_1_mp4_f3.jpg,train,live
real_1_mp4_f4.jpg,train,live
real_1_mp4_f5.jpg,train,live
real_1_mp4_f6.jpg,train,live
real_1_mp4_f7.jpg,train,live
real_1_mp4_f8.jpg,train,live
real_1_mp4_f9.jpg,train,live
real_2_MOV_f0.jpg,train,live
real_2_MOV_f1.jpg,train,live
real_2_MOV_f10.jpg,train,live
real_2_MOV_f11.jpg,train,live
real_2_MOV_f12.jpg,train,live
real_2_MOV_f13.jpg,train,live
real_2_MOV_f14.jpg,train,live
real_2_MOV_f15.jpg,train,live
real_2_MOV_f16.jpg,train,live
real_2_MOV_f17.jpg,train,live
real_2_MOV_f18.jpg,train,live
real_2_MOV_f19.jpg,train,live
real_2_MOV_f2.jpg,train,live
real_2_MOV_f20.jpg,train,live
real_2_MOV_f21.jpg,train,live
real_2_MOV_f22.jpg,train,live
real_2_MOV_f23.jpg,train,live
real_2_MOV_f24.jpg,train,live
real_2_MOV_f25.jpg,train,live
real_2_MOV_f3.jpg,train,live
real_2_MOV_f4.jpg,train,live
real_2_MOV_f5.jpg,train,live
real_2_MOV_f6.jpg,train,live
real_2_MOV_f7.jpg,train,live
real_2_MOV_f8.jpg,train,live
real_2_MOV_f9.jpg,train,live
real_2_mp4_f0.jpg,train,live
real_2_mp4_f1.jpg,train,live
real_2_mp4_f10.jpg,train,live
real_2_mp4_f11.jpg,train,live
real_2_mp4_f12.jpg,train,live
real_2_mp4_f13.jpg,train,live
real_2_mp4_f14.jpg,train,live
real_2_mp4_f15.jpg,train,live
real_2_mp4_f16.jpg,train,live
real_2_mp4_f17.jpg,train,live
real_2_mp4_f18.jpg,train,live
real_2_mp4_f19.jpg,train,live
real_2_mp4_f2.jpg,train,live
real_2_mp4_f20.jpg,train,live
real_2_mp4_f21.jpg,train,live
real_2_mp4_f22.jpg,train,live
real_2_mp4_f23.jpg,train,live
real_2_mp4_f24.jpg,train,live
real_2_mp4_f25.jpg,train,live
real_2_mp4_f3.jpg,train,live
real_2_mp4_f4.jpg,train,live
real_2_mp4_f5.jpg,train,live
real_2_mp4_f6.jpg,train,live
real_2_mp4_f7.jpg,train,live
real_2_mp4_f8.jpg,train,live
real_2_mp4_f9.jpg,train,live
real_3_MOV_f0.jpg,train,live
real_3_MOV_f1.jpg,train,live
real_3_MOV_f10.jpg,train,live
real_3_MOV_f11.jpg,train,live
real_3_MOV_f12.jpg,train,live
real_3_MOV_f13.jpg,train,live
real_3_MOV_f14.jpg,train,live
real_3_MOV_f15.jpg,train,live
real_3_MOV_f16.jpg,train,live
real_3_MOV_f17.jpg,train,live
real_3_MOV_f18.jpg,train,live
real_3_MOV_f19.jpg,train,live
real_3_MOV_f2.jpg,train,live
real_3_MOV_f20.jpg,train,live
real_3_MOV_f21.jpg,train,live
real_3_MOV_f22.jpg,train,live
real_3_MOV_f23.jpg,train,live
real_3_MOV_f24.jpg,train,live
real_3_MOV_f25.jpg,train,live
real_3_MOV_f3.jpg,train,live
real_3_MOV_f4.jpg,train,live
real_3_MOV_f5.jpg,train,live
real_3_MOV_f6.jpg,train,live
real_3_MOV_f7.jpg,train,live
real_3_MOV_f8.jpg,train,live
real_3_MOV_f9.jpg,train,live
real_3_mp4_f0.jpg,train,live
real_3_mp4_f1.jpg,train,live
real_3_mp4_f10.jpg,train,live
real_3_mp4_f11.jpg,train,live
real_3_mp4_f12.jpg,train,live
real_3_mp4_f13.jpg,train,live
real_3_mp4_f14.jpg,train,live
real_3_mp4_f15.jpg,train,live
real_3_mp4_f16.jpg,train,live
real_3_mp4_f17.jpg,train,live
real_3_mp4_f18.jpg,train,live
real_3_mp4_f19.jpg,train,live
real_3_mp4_f2.jpg,train,live
real_3_mp4_f20.jpg,train,live
real_3_mp4_f21.jpg,train,live
real_3_mp4_f22.jpg,train,live
real_3_mp4_f23.jpg,train,live
real_3_mp4_f24.jpg,train,live
real_3_mp4_f25.jpg,train,live
real_3_mp4_f3.jpg,train,live
real_3_mp4_f4.jpg,train,live
real_3_mp4_f5.jpg,train,live
real_3_mp4_f6.jpg,train,live
real_3_mp4_f7.jpg,train,live
real_3_mp4_f8.jpg,train,live
real_3_mp4_f9.jpg,train,live
real_4_MOV_f0.jpg,train,live
real_4_MOV_f1.jpg,train,live
real_4_MOV_f10.jpg,train,live
real_4_MOV_f11.jpg,train,live
real_4_MOV_f12.jpg,train,live
real_4_MOV_f13.jpg,train,live
real_4_MOV_f14.jpg,train,live
real_4_MOV_f15.jpg,train,live
real_4_MOV_f16.jpg,train,live
real_4_MOV_f17.jpg,train,live
real_4_MOV_f18.jpg,train,live
real_4_MOV_f19.jpg,train,live
real_4_MOV_f2.jpg,train,live
real_4_MOV_f20.jpg,train,live
real_4_MOV_f21.jpg,train,live
real_4_MOV_f22.jpg,train,live
real_4_MOV_f23.jpg,train,live
real_4_MOV_f24.jpg,train,live
real_4_MOV_f25.jpg,train,live
real_4_MOV_f3.jpg,train,live
real_4_MOV_f4.jpg,train,live
real_4_MOV_f5.jpg,train,live
real_4_MOV_f6.jpg,train,live
real_4_MOV_f7.jpg,train,live
real_4_MOV_f8.jpg,train,live
real_4_MOV_f9.jpg,train,live
real_4_mp4_f0.jpg,train,live
real_4_mp4_f1.jpg,train,live
real_4_mp4_f10.jpg,train,live
real_4_mp4_f11.jpg,train,live
real_4_mp4_f12.jpg,train,live
real_4_mp4_f13.jpg,train,live
real_4_mp4_f14.jpg,train,live
real_4_mp4_f15.jpg,train,live
real_4_mp4_f16.jpg,train,live
real_4_mp4_f17.jpg,train,live
real_4_mp4_f18.jpg,train,live
real_4_mp4_f19.jpg,train,live
real_4_mp4_f2.jpg,train,live
real_4_mp4_f20.jpg,train,live
real_4_mp4_f21.jpg,train,live
real_4_mp4_f22.jpg,train,live
real_4_mp4_f23.jpg,train,live
real_4_mp4_f24.jpg,train,live
real_4_mp4_f25.jpg,train,live
real_4_mp4_f3.jpg,train,live
real_4_mp4_f4.jpg,train,live
real_4_mp4_f5.jpg,train,live
real_4_mp4_f6.jpg,train,live
real_4_mp4_f7.jpg,train,live
real_4_mp4_f8.jpg,train,live
real_4_mp4_f9.jpg,train,live
subj_19_left_side_light_00.jpg,train,live
subj_19_left_side_light_01.jpg,train,live
subj_19_left_side_light_02.jpg,train,live
subj_19_light_behind_camera_00.jpg,train,live
subj_19_light_behind_camera_01.jpg,train,live
subj_19_light_behind_subj_01.jpg,train,live
subj_19_light_behind_subj_02.jpg,train,live
subj_19_low_light_00.jpg,train,live
subj_19_low_light_01.jpg,train,live
subj_19_low_light_02.jpg,train,live
subj_19_natural_light_00.jpg,train,live
subj_19_natural_light_01.jpg,train,live
subj_19_overexposed_00.jpg,train,live
subj_19_overexposed_01.jpg,train,live
subj_19_overexposed_02.jpg,train,live
subj_19_overhead_light_00.jpg,train,live
subj_19_overhead_light_01.jpg,train,live
subj_19_overhead_light_02.jpg,train,live
subj_19_right_side_light_00.jpg,train,live
subj_19_right_side_light_01.jpg,train,live
subj_19_right_side_light_02.jpg,train,live
subj_19_top_light_00.jpg,train,live
subj_19_top_light_01.jpg,train,live
00_1.jpg,train,spoof
00_10.jpg,train,spoof
00_11.jpg,train,spoof
00_12.jpg,train,spoof
00_13.jpg,train,spoof
00_14.jpg,train,spoof
00_15.jpg,train,spoof
00_16.jpg,train,spoof
00_17.jpg,train,spoof
00_18.jpg,train,spoof
00_19.jpg,train,spoof
00_2.jpg,train,spoof
00_20.jpg,train,spoof
00_21.jpg,train,spoof
00_22.jpg,train,spoof
00_23.jpg,train,spoof
00_24.jpg,train,spoof
00_25.jpg,train,spoof
00_26.jpg,train,spoof
00_3.jpg,train,spoof
00_4.jpg,train,spoof
00_5.jpg,train,spoof
00_6.jpg,train,spoof
00_7.jpg,train,spoof
00_8.jpg,train,spoof
00_9.jpg,train,spoof
03_1.jpg,train,spoof
03_10.jpg,train,spoof
03_11.jpg,train,spoof
03_12.jpg,train,spoof
03_13.jpg,train,spoof
03_14.jpg,train,spoof
03_15.jpg,train,spoof
03_16.jpg,train,spoof
03_17.jpg,train,spoof
03_18.jpg,train,spoof
03_19.jpg,train,spoof
03_2.jpg,train,spoof
03_20.jpg,train,spoof
03_21.jpg,train,spoof
03_22.jpg,train,spoof
03_23.jpg,train,spoof
03_24.jpg,train,spoof
03_25.jpg,train,spoof
03_26.jpg,train,spoof
03_3.jpg,train,spoof
03_4.jpg,train,spoof
03_5.jpg,train,spoof
03_6.jpg,train,spoof
03_7.jpg,train,spoof
03_8.jpg,train,spoof
03_9.jpg,train,spoof
04_1.jpg,train,spoof
04_10.jpg,train,spoof
04_11.jpg,train,spoof
04_12.jpg,train,spoof
04_13.jpg,train,spoof
04_14.jpg,train,spoof
04_15.jpg,train,spoof
04_16.jpg,train,spoof
04_17.jpg,train,spoof
04_18.jpg,train,spoof
04_19.jpg,train,spoof
04_2.jpg,train,spoof
04_20.jpg,train,spoof
04_21.jpg,train,spoof
04_22.jpg,train,spoof
04_23.jpg,train,spoof
04_24.jpg,train,spoof
04_25.jpg,train,spoof
04_26.jpg,train,spoof
04_3.jpg,train,spoof
04_4.jpg,train,spoof
04_5.jpg,train,spoof
04_6.jpg,train,spoof
04_7.jpg,train,spoof
04_8.jpg,train,spoof
04_9.jpg,train,spoof
05_1.JPG,train,spoof
05_10.JPG,train,spoof
05_11.JPG,train,spoof
05_12.JPG,train,spoof
05_13.JPG,train,spoof
05_14.JPG,train,spoof
05_15.JPG,train,spoof
05_16.JPG,train,spoof
05_17.JPG,train,spoof
05_18.JPG,train,spoof
05_19.JPG,train,spoof
05_2.JPG,train,spoof
05_20.JPG,train,spoof
05_21.JPG,train,spoof
05_22.JPG,train,spoof
05_23.JPG,train,spoof
05_24.JPG,train,spoof
05_25.JPG,train,spoof
05_26.JPG,train,spoof
05_3.JPG,train,spoof
05_4.JPG,train,spoof
05_5.JPG,train,spoof
05_6.JPG,train,spoof
05_7.JPG,train,spoof
05_8.JPG,train,spoof
05_9.JPG,train,spoof
06_1.JPG,train,spoof
06_10.JPG,train,spoof
06_11.JPG,train,spoof
06_12.JPG,train,spoof
06_13.JPG,train,spoof
06_14.JPG,train,spoof
06_15.JPG,train,spoof
06_16.JPG,train,spoof
06_17.JPG,train,spoof
06_18.JPG,train,spoof
06_19.JPG,train,spoof
06_2.JPG,train,spoof
06_20.JPG,train,spoof
06_21.JPG,train,spoof
06_22.JPG,train,spoof
06_23.JPG,train,spoof
06_3.JPG,train,spoof
06_4.JPG,train,spoof
06_5.JPG,train,spoof
06_6.JPG,train,spoof
06_7.JPG,train,spoof
06_8.JPG,train,spoof
06_9.JPG,train,spoof
07_1.JPG,train,spoof
07_10.JPG,train,spoof
07_11.JPG,train,spoof
07_12.JPG,train,spoof
07_13.JPG,train,spoof
07_14.JPG,train,spoof
07_15.JPG,train,spoof
07_16.JPG,train,spoof
07_17.JPG,train,spoof
07_18.JPG,train,spoof
07_19.JPG,train,spoof
07_2.JPG,train,spoof
07_20.JPG,train,spoof
07_21.JPG,train,spoof
07_22.JPG,train,spoof
07_23.JPG,train,spoof
07_24.JPG,train,spoof
07_25.JPG,train,spoof
07_26.JPG,train,spoof
07_3.JPG,train,spoof
07_4.JPG,train,spoof
07_5.JPG,train,spoof
07_6.JPG,train,spoof
07_7.JPG,train,spoof
07_8.JPG,train,spoof
07_9.JPG,train,spoof
08_1.JPG,train,spoof
08_10.JPG,train,spoof
08_11.JPG,train,spoof
08_12.JPG,train,spoof
08_13.JPG,train,spoof
08_14.JPG,train,spoof
08_15.JPG,train,spoof
08_16.JPG,train,spoof
08_17.JPG,train,spoof
08_18.JPG,train,spoof
08_19.JPG,train,spoof
08_2.JPG,train,spoof
08_20.JPG,train,spoof
08_21.JPG,train,spoof
08_22.JPG,train,spoof
08_23.JPG,train,spoof
08_24.JPG,train,spoof
08_25.JPG,train,spoof
08_26.JPG,train,spoof
08_3.JPG,train,spoof
08_4.JPG,train,spoof
08_5.JPG,train,spoof
08_6.JPG,train,spoof
08_7.JPG,train,spoof
08_8.JPG,train,spoof
08_9.JPG,train,spoof
09_1.JPG,train,spoof
09_10.JPG,train,spoof
09_11.JPG,train,spoof
09_12.JPG,train,spoof
09_13.JPG,train,spoof
09_14.JPG,train,spoof
09_15.JPG,train,spoof
09_16.JPG,train,spoof
09_17.JPG,train,spoof
09_18.JPG,train,spoof
09_19.JPG,train,spoof
09_2.JPG,train,spoof
09_20.JPG,train,spoof
09_21.JPG,train,spoof
09_22.JPG,train,spoof
09_23.JPG,train,spoof
09_24.JPG,train,spoof
09_25.JPG,train,spoof
09_26.JPG,train,spoof
09_3.JPG,train,spoof
09_4.JPG,train,spoof
09_5.JPG,train,spoof
09_6.JPG,train,spoof
09_7.JPG,train,spoof
09_8.JPG,train,spoof
09_9.JPG,train,spoof
0_mp4_f0.jpg,train,spoof
0_mp4_f1.jpg,train,spoof
0_mp4_f10.jpg,train,spoof
0_mp4_f11.jpg,train,spoof
0_mp4_f12.jpg,train,spoof
0_mp4_f13.jpg,train,spoof
0_mp4_f2.jpg,train,spoof
0_mp4_f3.jpg,train,spoof
0_mp4_f4.jpg,train,spoof
0_mp4_f5.jpg,train,spoof
0_mp4_f6.jpg,train,spoof
0_mp4_f7.jpg,train,spoof
0_mp4_f8.jpg,train,spoof
0_mp4_f9.jpg,train,spoof
10_1.jpg,train,spoof
10_10.jpg,train,spoof
10_11.jpg,train,spoof
10_12.jpg,train,spoof
10_13.jpg,train,spoof
10_14.jpg,train,spoof
10_15.jpg,train,spoof
10_16.jpg,train,spoof
10_17.jpg,train,spoof
10_18.jpg,train,spoof
10_19.jpg,train,spoof
10_2.jpg,train,spoof
10_20.jpg,train,spoof
10_21.jpg,train,spoof
10_22.jpg,train,spoof
10_23.jpg,train,spoof
10_24.jpg,train,spoof
10_25.jpg,train,spoof
10_26.jpg,train,spoof
10_3.jpg,train,spoof
10_4.jpg,train,spoof
10_5.jpg,train,spoof
10_6.jpg,train,spoof
10_7.jpg,train,spoof
10_8.jpg,train,spoof
10_9.jpg,train,spoof
11_mp4_f0.jpg,train,spoof
11_mp4_f1.jpg,train,spoof
11_mp4_f10.jpg,train,spoof
11_mp4_f11.jpg,train,spoof
11_mp4_f12.jpg,train,spoof
11_mp4_f13.jpg,train,spoof
11_mp4_f14.jpg,train,spoof
11_mp4_f2.jpg,train,spoof
11_mp4_f3.jpg,train,spoof
11_mp4_f4.jpg,train,spoof
11_mp4_f5.jpg,train,spoof
11_mp4_f6.jpg,train,spoof
11_mp4_f7.jpg,train,spoof
11_mp4_f8.jpg,train,spoof
11_mp4_f9.jpg,train,spoof
12_1.jpg,train,spoof
12_10.jpg,train,spoof
12_11.jpg,train,spoof
12_12.jpg,train,spoof
12_13.jpg,train,spoof
12_14.jpg,train,spoof
12_15.jpg,train,spoof
12_16.jpg,train,spoof
12_17.jpg,train,spoof
12_18.jpg,train,spoof
12_19.jpg,train,spoof
12_2.jpg,train,spoof
12_20.jpg,train,spoof
12_21.jpg,train,spoof
12_22.jpg,train,spoof
12_23.jpg,train,spoof
12_24.jpg,train,spoof
12_25.jpg,train,spoof
12_26.jpg,train,spoof
12_3.jpg,train,spoof
12_4.jpg,train,spoof
12_5.jpg,train,spoof
12_6.jpg,train,spoof
12_7.jpg,train,spoof
12_8.jpg,train,spoof
12_9.jpg,train,spoof
12_mp4_f0.jpg,train,spoof
12_mp4_f1.jpg,train,spoof
12_mp4_f10.jpg,train,spoof
12_mp4_f11.jpg,train,spoof
12_mp4_f12.jpg,train,spoof
12_mp4_f13.jpg,train,spoof
12_mp4_f14.jpg,train,spoof
12_mp4_f2.jpg,train,spoof
12_mp4_f3.jpg,train,spoof
12_mp4_f4.jpg,train,spoof
12_mp4_f5.jpg,train,spoof
12_mp4_f6.jpg,train,spoof
12_mp4_f7.jpg,train,spoof
12_mp4_f8.jpg,train,spoof
12_mp4_f9.jpg,train,spoof
13_mp4_f0.jpg,train,spoof
13_mp4_f1.jpg,train,spoof
13_mp4_f10.jpg,train,spoof
13_mp4_f11.jpg,train,spoof
13_mp4_f12.jpg,train,spoof
13_mp4_f13.jpg,train,spoof
13_mp4_f14.jpg,train,spoof
13_mp4_f2.jpg,train,spoof
13_mp4_f3.jpg,train,spoof
13_mp4_f4.jpg,train,spoof
13_mp4_f5.jpg,train,spoof
13_mp4_f6.jpg,train,spoof
13_mp4_f7.jpg,train,spoof
13_mp4_f8.jpg,train,spoof
13_mp4_f9.jpg,train,spoof
14_MOV_f0.jpg,train,spoof
14_MOV_f1.jpg,train,spoof
14_MOV_f10.jpg,train,spoof
14_MOV_f11.jpg,train,spoof
14_MOV_f12.jpg,train,spoof
14_MOV_f13.jpg,train,spoof
14_MOV_f14.jpg,train,spoof
14_MOV_f2.jpg,train,spoof
14_MOV_f3.jpg,train,spoof
14_MOV_f4.jpg,train,spoof
14_MOV_f5.jpg,train,spoof
14_MOV_f6.jpg,train,spoof
14_MOV_f7.jpg,train,spoof
14_MOV_f8.jpg,train,spoof
14_MOV_f9.jpg,train,spoof
15_MOV_f0.jpg,train,spoof
15_MOV_f1.jpg,train,spoof
15_MOV_f10.jpg,train,spoof
15_MOV_f11.jpg,train,spoof
15_MOV_f12.jpg,train,spoof
15_MOV_f13.jpg,train,spoof
15_MOV_f14.jpg,train,spoof
15_MOV_f2.jpg,train,spoof
15_MOV_f3.jpg,train,spoof
15_MOV_f4.jpg,train,spoof
15_MOV_f5.jpg,train,spoof
15_MOV_f6.jpg,train,spoof
15_MOV_f7.jpg,train,spoof
15_MOV_f8.jpg,train,spoof
15_MOV_f9.jpg,train,spoof
15_mp4_f1.jpg,train,spoof
15_mp4_f10.jpg,train,spoof
15_mp4_f11.jpg,train,spoof
15_mp4_f12.jpg,train,spoof
15_mp4_f13.jpg,train,spoof
15_mp4_f14.jpg,train,spoof
15_mp4_f2.jpg,train,spoof
15_mp4_f3.jpg,train,spoof
15_mp4_f4.jpg,train,spoof
15_mp4_f5.jpg,train,spoof
15_mp4_f6.jpg,train,spoof
15_mp4_f7.jpg,train,spoof
15_mp4_f8.jpg,train,spoof
15_mp4_f9.jpg,train,spoof
1638283560_0_0005_False_mp4_f0.jpg,train,spoof
1638283560_0_0005_False_mp4_f1.jpg,train,spoof
1638283560_0_0005_False_mp4_f10.jpg,train,spoof
1638283560_0_0005_False_mp4_f11.jpg,train,spoof
1638283560_0_0005_False_mp4_f12.jpg,train,spoof
1638283560_0_0005_False_mp4_f13.jpg,train,spoof
1638283560_0_0005_False_mp4_f14.jpg,train,spoof
1638283560_0_0005_False_mp4_f2.jpg,train,spoof
1638283560_0_0005_False_mp4_f3.jpg,train,spoof
1638283560_0_0005_False_mp4_f4.jpg,train,spoof
1638283560_0_0005_False_mp4_f5.jpg,train,spoof
1638283560_0_0005_False_mp4_f6.jpg,train,spoof
1638283560_0_0005_False_mp4_f7.jpg,train,spoof
1638283560_0_0005_False_mp4_f8.jpg,train,spoof
1638283560_0_0005_False_mp4_f9.jpg,train,spoof
1638283570_0_0003_False_mp4_f0.jpg,train,spoof
1638283570_0_0003_False_mp4_f1.jpg,train,spoof
1638283570_0_0003_False_mp4_f10.jpg,train,spoof
1638283570_0_0003_False_mp4_f11.jpg,train,spoof
1638283570_0_0003_False_mp4_f12.jpg,train,spoof
1638283570_0_0003_False_mp4_f13.jpg,train,spoof
1638283570_0_0003_False_mp4_f14.jpg,train,spoof
1638283570_0_0003_False_mp4_f2.jpg,train,spoof
1638283570_0_0003_False_mp4_f3.jpg,train,spoof
1638283570_0_0003_False_mp4_f4.jpg,train,spoof
1638283570_0_0003_False_mp4_f5.jpg,train,spoof
1638283570_0_0003_False_mp4_f6.jpg,train,spoof
1638283570_0_0003_False_mp4_f7.jpg,train,spoof
1638283570_0_0003_False_mp4_f8.jpg,train,spoof
1638283570_0_0003_False_mp4_f9.jpg,train,spoof
1638283629_0_0002_False_mp4_f0.jpg,train,spoof
1638283629_0_0002_False_mp4_f1.jpg,train,spoof
1638283629_0_0002_False_mp4_f10.jpg,train,spoof
1638283629_0_0002_False_mp4_f11.jpg,train,spoof
1638283629_0_0002_False_mp4_f12.jpg,train,spoof
1638283629_0_0002_False_mp4_f13.jpg,train,spoof
1638283629_0_0002_False_mp4_f14.jpg,train,spoof
1638283629_0_0002_False_mp4_f2.jpg,train,spoof
1638283629_0_0002_False_mp4_f3.jpg,train,spoof
1638283629_0_0002_False_mp4_f4.jpg,train,spoof
1638283629_0_0002_False_mp4_f5.jpg,train,spoof
1638283629_0_0002_False_mp4_f6.jpg,train,spoof
1638283629_0_0002_False_mp4_f7.jpg,train,spoof
1638283629_0_0002_False_mp4_f8.jpg,train,spoof
1638283629_0_0002_False_mp4_f9.jpg,train,spoof
1638283641_0_0002_False_mp4_f0.jpg,train,spoof
1638283641_0_0002_False_mp4_f1.jpg,train,spoof
1638283641_0_0002_False_mp4_f10.jpg,train,spoof
1638283641_0_0002_False_mp4_f11.jpg,train,spoof
1638283641_0_0002_False_mp4_f12.jpg,train,spoof
1638283641_0_0002_False_mp4_f13.jpg,train,spoof
1638283641_0_0002_False_mp4_f14.jpg,train,spoof
1638283641_0_0002_False_mp4_f2.jpg,train,spoof
1638283641_0_0002_False_mp4_f3.jpg,train,spoof
1638283641_0_0002_False_mp4_f4.jpg,train,spoof
1638283641_0_0002_False_mp4_f5.jpg,train,spoof
1638283641_0_0002_False_mp4_f6.jpg,train,spoof
1638283641_0_0002_False_mp4_f7.jpg,train,spoof
1638283641_0_0002_False_mp4_f8.jpg,train,spoof
1638283641_0_0002_False_mp4_f9.jpg,train,spoof
1638283650_0_0002_False_mp4_f0.jpg,train,spoof
1638283650_0_0002_False_mp4_f1.jpg,train,spoof
1638283650_0_0002_False_mp4_f10.jpg,train,spoof
1638283650_0_0002_False_mp4_f11.jpg,train,spoof
1638283650_0_0002_False_mp4_f12.jpg,train,spoof
1638283650_0_0002_False_mp4_f13.jpg,train,spoof
1638283650_0_0002_False_mp4_f14.jpg,train,spoof
1638283650_0_0002_False_mp4_f2.jpg,train,spoof
1638283650_0_0002_False_mp4_f3.jpg,train,spoof
1638283650_0_0002_False_mp4_f4.jpg,train,spoof
1638283650_0_0002_False_mp4_f5.jpg,train,spoof
1638283650_0_0002_False_mp4_f6.jpg,train,spoof
1638283650_0_0002_False_mp4_f7.jpg,train,spoof
1638283650_0_0002_False_mp4_f8.jpg,train,spoof
1638283650_0_0002_False_mp4_f9.jpg,train,spoof
1638283692_0_0002_False_mp4_f0.jpg,train,spoof
1638283692_0_0002_False_mp4_f1.jpg,train,spoof
1638283692_0_0002_False_mp4_f10.jpg,train,spoof
1638283692_0_0002_False_mp4_f11.jpg,train,spoof
1638283692_0_0002_False_mp4_f12.jpg,train,spoof
1638283692_0_0002_False_mp4_f13.jpg,train,spoof
1638283692_0_0002_False_mp4_f14.jpg,train,spoof
1638283692_0_0002_False_mp4_f2.jpg,train,spoof
1638283692_0_0002_False_mp4_f3.jpg,train,spoof
1638283692_0_0002_False_mp4_f4.jpg,train,spoof
1638283692_0_0002_False_mp4_f5.jpg,train,spoof
1638283692_0_0002_False_mp4_f6.jpg,train,spoof
1638283692_0_0002_False_mp4_f7.jpg,train,spoof
1638283692_0_0002_False_mp4_f8.jpg,train,spoof
1638283692_0_0002_False_mp4_f9.jpg,train,spoof
1638283700_0_0002_False_mp4_f0.jpg,train,spoof
1638283700_0_0002_False_mp4_f1.jpg,train,spoof
1638283700_0_0002_False_mp4_f10.jpg,train,spoof
1638283700_0_0002_False_mp4_f11.jpg,train,spoof
1638283700_0_0002_False_mp4_f12.jpg,train,spoof
1638283700_0_0002_False_mp4_f13.jpg,train,spoof
1638283700_0_0002_False_mp4_f14.jpg,train,spoof
1638283700_0_0002_False_mp4_f2.jpg,train,spoof
1638283700_0_0002_False_mp4_f3.jpg,train,spoof
1638283700_0_0002_False_mp4_f4.jpg,train,spoof
1638283700_0_0002_False_mp4_f5.jpg,train,spoof
1638283700_0_0002_False_mp4_f6.jpg,train,spoof
1638283700_0_0002_False_mp4_f7.jpg,train,spoof
1638283700_0_0002_False_mp4_f8.jpg,train,spoof
1638283700_0_0002_False_mp4_f9.jpg,train,spoof
1638283780_0_0009_False_mp4_f0.jpg,train,spoof
1638283780_0_0009_False_mp4_f1.jpg,train,spoof
1638283780_0_0009_False_mp4_f10.jpg,train,spoof
1638283780_0_0009_False_mp4_f11.jpg,train,spoof
1638283780_0_0009_False_mp4_f12.jpg,train,spoof
1638283780_0_0009_False_mp4_f13.jpg,train,spoof
1638283780_0_0009_False_mp4_f14.jpg,train,spoof
1638283780_0_0009_False_mp4_f2.jpg,train,spoof
1638283780_0_0009_False_mp4_f3.jpg,train,spoof
1638283780_0_0009_False_mp4_f4.jpg,train,spoof
1638283780_0_0009_False_mp4_f5.jpg,train,spoof
1638283780_0_0009_False_mp4_f6.jpg,train,spoof
1638283780_0_0009_False_mp4_f7.jpg,train,spoof
1638283780_0_0009_False_mp4_f8.jpg,train,spoof
1638283780_0_0009_False_mp4_f9.jpg,train,spoof
1638283864_0_0002_False_mp4_f0.jpg,train,spoof
1638283864_0_0002_False_mp4_f1.jpg,train,spoof
1638283864_0_0002_False_mp4_f10.jpg,train,spoof
1638283864_0_0002_False_mp4_f11.jpg,train,spoof
1638283864_0_0002_False_mp4_f12.jpg,train,spoof
1638283864_0_0002_False_mp4_f13.jpg,train,spoof
1638283864_0_0002_False_mp4_f14.jpg,train,spoof
1638283864_0_0002_False_mp4_f2.jpg,train,spoof
1638283864_0_0002_False_mp4_f3.jpg,train,spoof
1638283864_0_0002_False_mp4_f4.jpg,train,spoof
1638283864_0_0002_False_mp4_f5.jpg,train,spoof
1638283864_0_0002_False_mp4_f6.jpg,train,spoof
1638283864_0_0002_False_mp4_f7.jpg,train,spoof
1638283864_0_0002_False_mp4_f8.jpg,train,spoof
1638283864_0_0002_False_mp4_f9.jpg,train,spoof
1638283875_0_0002_False_mp4_f0.jpg,train,spoof
1638283875_0_0002_False_mp4_f1.jpg,train,spoof
1638283875_0_0002_False_mp4_f10.jpg,train,spoof
1638283875_0_0002_False_mp4_f11.jpg,train,spoof
1638283875_0_0002_False_mp4_f12.jpg,train,spoof
1638283875_0_0002_False_mp4_f13.jpg,train,spoof
1638283875_0_0002_False_mp4_f14.jpg,train,spoof
1638283875_0_0002_False_mp4_f2.jpg,train,spoof
1638283875_0_0002_False_mp4_f3.jpg,train,spoof
1638283875_0_0002_False_mp4_f4.jpg,train,spoof
1638283875_0_0002_False_mp4_f5.jpg,train,spoof
1638283875_0_0002_False_mp4_f6.jpg,train,spoof
1638283875_0_0002_False_mp4_f7.jpg,train,spoof
1638283875_0_0002_False_mp4_f8.jpg,train,spoof
1638283875_0_0002_False_mp4_f9.jpg,train,spoof
1638283942_0_0002_False_mp4_f0.jpg,train,spoof
1638283942_0_0002_False_mp4_f1.jpg,train,spoof
1638283942_0_0002_False_mp4_f10.jpg,train,spoof
1638283942_0_0002_False_mp4_f11.jpg,train,spoof
1638283942_0_0002_False_mp4_f12.jpg,train,spoof
1638283942_0_0002_False_mp4_f13.jpg,train,spoof
1638283942_0_0002_False_mp4_f14.jpg,train,spoof
1638283942_0_0002_False_mp4_f2.jpg,train,spoof
1638283942_0_0002_False_mp4_f3.jpg,train,spoof
1638283942_0_0002_False_mp4_f4.jpg,train,spoof
1638283942_0_0002_False_mp4_f5.jpg,train,spoof
1638283942_0_0002_False_mp4_f6.jpg,train,spoof
1638283942_0_0002_False_mp4_f7.jpg,train,spoof
1638283942_0_0002_False_mp4_f8.jpg,train,spoof
1638283942_0_0002_False_mp4_f9.jpg,train,spoof
1638283977_0_0002_False_mp4_f0.jpg,train,spoof
1638283977_0_0002_False_mp4_f1.jpg,train,spoof
1638283977_0_0002_False_mp4_f10.jpg,train,spoof
1638283977_0_0002_False_mp4_f11.jpg,train,spoof
1638283977_0_0002_False_mp4_f12.jpg,train,spoof
1638283977_0_0002_False_mp4_f13.jpg,train,spoof
1638283977_0_0002_False_mp4_f14.jpg,train,spoof
1638283977_0_0002_False_mp4_f2.jpg,train,spoof
1638283977_0_0002_False_mp4_f3.jpg,train,spoof
1638283977_0_0002_False_mp4_f4.jpg,train,spoof
1638283977_0_0002_False_mp4_f5.jpg,train,spoof
1638283977_0_0002_False_mp4_f6.jpg,train,spoof
1638283977_0_0002_False_mp4_f7.jpg,train,spoof
1638283977_0_0002_False_mp4_f8.jpg,train,spoof
1638283977_0_0002_False_mp4_f9.jpg,train,spoof
1638285219_0_0002_False_mp4_f0.jpg,train,spoof
1638285219_0_0002_False_mp4_f1.jpg,train,spoof
1638285219_0_0002_False_mp4_f10.jpg,train,spoof
1638285219_0_0002_False_mp4_f11.jpg,train,spoof
1638285219_0_0002_False_mp4_f12.jpg,train,spoof
1638285219_0_0002_False_mp4_f13.jpg,train,spoof
1638285219_0_0002_False_mp4_f14.jpg,train,spoof
1638285219_0_0002_False_mp4_f2.jpg,train,spoof
1638285219_0_0002_False_mp4_f3.jpg,train,spoof
1638285219_0_0002_False_mp4_f4.jpg,train,spoof
1638285219_0_0002_False_mp4_f5.jpg,train,spoof
1638285219_0_0002_False_mp4_f6.jpg,train,spoof
1638285219_0_0002_False_mp4_f7.jpg,train,spoof
1638285219_0_0002_False_mp4_f8.jpg,train,spoof
1638285219_0_0002_False_mp4_f9.jpg,train,spoof
1638285236_0_0002_False_mp4_f0.jpg,train,spoof
1638285236_0_0002_False_mp4_f1.jpg,train,spoof
1638285236_0_0002_False_mp4_f10.jpg,train,spoof
1638285236_0_0002_False_mp4_f11.jpg,train,spoof
1638285236_0_0002_False_mp4_f12.jpg,train,spoof
1638285236_0_0002_False_mp4_f13.jpg,train,spoof
1638285236_0_0002_False_mp4_f14.jpg,train,spoof
1638285236_0_0002_False_mp4_f2.jpg,train,spoof
1638285236_0_0002_False_mp4_f3.jpg,train,spoof
1638285236_0_0002_False_mp4_f4.jpg,train,spoof
1638285236_0_0002_False_mp4_f5.jpg,train,spoof
1638285236_0_0002_False_mp4_f6.jpg,train,spoof
1638285236_0_0002_False_mp4_f7.jpg,train,spoof
1638285236_0_0002_False_mp4_f8.jpg,train,spoof
1638285236_0_0002_False_mp4_f9.jpg,train,spoof
1638285275_0_0002_False_mp4_f0.jpg,train,spoof
1638285275_0_0002_False_mp4_f1.jpg,train,spoof
1638285275_0_0002_False_mp4_f10.jpg,train,spoof
1638285275_0_0002_False_mp4_f11.jpg,train,spoof
1638285275_0_0002_False_mp4_f12.jpg,train,spoof
1638285275_0_0002_False_mp4_f13.jpg,train,spoof
1638285275_0_0002_False_mp4_f14.jpg,train,spoof
1638285275_0_0002_False_mp4_f2.jpg,train,spoof
1638285275_0_0002_False_mp4_f3.jpg,train,spoof
1638285275_0_0002_False_mp4_f4.jpg,train,spoof
1638285275_0_0002_False_mp4_f5.jpg,train,spoof
1638285275_0_0002_False_mp4_f6.jpg,train,spoof
1638285275_0_0002_False_mp4_f7.jpg,train,spoof
1638285275_0_0002_False_mp4_f8.jpg,train,spoof
1638285275_0_0002_False_mp4_f9.jpg,train,spoof
16_MOV_f0.jpg,train,spoof
16_MOV_f1.jpg,train,spoof
16_MOV_f10.jpg,train,spoof
16_MOV_f11.jpg,train,spoof
16_MOV_f12.jpg,train,spoof
16_MOV_f13.jpg,train,spoof
16_MOV_f14.jpg,train,spoof
16_MOV_f2.jpg,train,spoof
16_MOV_f3.jpg,train,spoof
16_MOV_f4.jpg,train,spoof
16_MOV_f5.jpg,train,spoof
16_MOV_f6.jpg,train,spoof
16_MOV_f7.jpg,train,spoof
16_MOV_f8.jpg,train,spoof
16_MOV_f9.jpg,train,spoof
17_mp4_f0.jpg,train,spoof
17_mp4_f1.jpg,train,spoof
17_mp4_f10.jpg,train,spoof
17_mp4_f11.jpg,train,spoof
17_mp4_f12.jpg,train,spoof
17_mp4_f13.jpg,train,spoof
17_mp4_f14.jpg,train,spoof
17_mp4_f2.jpg,train,spoof
17_mp4_f3.jpg,train,spoof
17_mp4_f4.jpg,train,spoof
17_mp4_f5.jpg,train,spoof
17_mp4_f6.jpg,train,spoof
17_mp4_f7.jpg,train,spoof
17_mp4_f8.jpg,train,spoof
17_mp4_f9.jpg,train,spoof
18_MOV_f0.jpg,train,spoof
18_MOV_f1.jpg,train,spoof
18_MOV_f10.jpg,train,spoof
18_MOV_f11.jpg,train,spoof
18_MOV_f12.jpg,train,spoof
18_MOV_f13.jpg,train,spoof
18_MOV_f14.jpg,train,spoof
18_MOV_f2.jpg,train,spoof
18_MOV_f3.jpg,train,spoof
18_MOV_f4.jpg,train,spoof
18_MOV_f5.jpg,train,spoof
18_MOV_f6.jpg,train,spoof
18_MOV_f7.jpg,train,spoof
18_MOV_f8.jpg,train,spoof
18_MOV_f9.jpg,train,spoof
19_mp4_f10.jpg,train,spoof
19_mp4_f11.jpg,train,spoof
19_mp4_f12.jpg,train,spoof
19_mp4_f13.jpg,train,spoof
19_mp4_f14.jpg,train,spoof
19_mp4_f2.jpg,train,spoof
19_mp4_f3.jpg,train,spoof
19_mp4_f5.jpg,train,spoof
19_mp4_f6.jpg,train,spoof
19_mp4_f7.jpg,train,spoof
19_mp4_f8.jpg,train,spoof
19_mp4_f9.jpg,train,spoof
1_MOV_f0.jpg,train,spoof
1_MOV_f1.jpg,train,spoof
1_MOV_f10.jpg,train,spoof
1_MOV_f11.jpg,train,spoof
1_MOV_f12.jpg,train,spoof
1_MOV_f13.jpg,train,spoof
1_MOV_f14.jpg,train,spoof
1_MOV_f2.jpg,train,spoof
1_MOV_f3.jpg,train,spoof
1_MOV_f4.jpg,train,spoof
1_MOV_f5.jpg,train,spoof
1_MOV_f6.jpg,train,spoof
1_MOV_f7.jpg,train,spoof
1_MOV_f8.jpg,train,spoof
1_MOV_f9.jpg,train,spoof
1_mp4_f0.jpg,train,spoof
1_mp4_f1.jpg,train,spoof
1_mp4_f10.jpg,train,spoof
1_mp4_f11.jpg,train,spoof
1_mp4_f12.jpg,train,spoof
1_mp4_f13.jpg,train,spoof
1_mp4_f14.jpg,train,spoof
1_mp4_f2.jpg,train,spoof
1_mp4_f3.jpg,train,spoof
1_mp4_f4.jpg,train,spoof
1_mp4_f5.jpg,train,spoof
1_mp4_f6.jpg,train,spoof
1_mp4_f7.jpg,train,spoof
1_mp4_f8.jpg,train,spoof
1_mp4_f9.jpg,train,spoof
2_MOV_f0.jpg,train,spoof
2_MOV_f1.jpg,train,spoof
2_MOV_f10.jpg,train,spoof
2_MOV_f11.jpg,train,spoof
2_MOV_f12.jpg,train,spoof
2_MOV_f13.jpg,train,spoof
2_MOV_f14.jpg,train,spoof
2_MOV_f2.jpg,train,spoof
2_MOV_f3.jpg,train,spoof
2_MOV_f4.jpg,train,spoof
2_MOV_f5.jpg,train,spoof
2_MOV_f6.jpg,train,spoof
2_MOV_f7.jpg,train,spoof
2_MOV_f8.jpg,train,spoof
2_MOV_f9.jpg,train,spoof
2_mp4_f0.jpg,train,spoof
2_mp4_f1.jpg,train,spoof
2_mp4_f10.jpg,train,spoof
2_mp4_f11.jpg,train,spoof
2_mp4_f12.jpg,train,spoof
2_mp4_f13.jpg,train,spoof
2_mp4_f14.jpg,train,spoof
2_mp4_f2.jpg,train,spoof
2_mp4_f3.jpg,train,spoof
2_mp4_f4.jpg,train,spoof
2_mp4_f5.jpg,train,spoof
2_mp4_f6.jpg,train,spoof
2_mp4_f7.jpg,train,spoof
2_mp4_f8.jpg,train,spoof
2_mp4_f9.jpg,train,spoof
3_MOV_f0.jpg,train,spoof
3_MOV_f1.jpg,train,spoof
3_MOV_f10.jpg,train,spoof
3_MOV_f11.jpg,train,spoof
3_MOV_f12.jpg,train,spoof
3_MOV_f13.jpg,train,spoof
3_MOV_f14.jpg,train,spoof
3_MOV_f2.jpg,train,spoof
3_MOV_f3.jpg,train,spoof
3_MOV_f4.jpg,train,spoof
3_MOV_f5.jpg,train,spoof
3_MOV_f6.jpg,train,spoof
3_MOV_f7.jpg,train,spoof
3_MOV_f8.jpg,train,spoof
3_MOV_f9.jpg,train,spoof
3_mp4_f0.jpg,train,spoof
3_mp4_f1.jpg,train,spoof
3_mp4_f10.jpg,train,spoof
3_mp4_f11.jpg,train,spoof
3_mp4_f12.jpg,train,spoof
3_mp4_f13.jpg,train,spoof
3_mp4_f14.jpg,train,spoof
3_mp4_f2.jpg,train,spoof
3_mp4_f3.jpg,train,spoof
3_mp4_f4.jpg,train,spoof
3_mp4_f7.jpg,train,spoof
3_mp4_f9.jpg,train,spoof
4_MOV_f0.jpg,train,spoof
4_MOV_f1.jpg,train,spoof
4_MOV_f10.jpg,train,spoof
4_MOV_f11.jpg,train,spoof
4_MOV_f12.jpg,train,spoof
4_MOV_f13.jpg,train,spoof
4_MOV_f14.jpg,train,spoof
4_MOV_f2.jpg,train,spoof
4_MOV_f3.jpg,train,spoof
4_MOV_f4.jpg,train,spoof
4_MOV_f7.jpg,train,spoof
4_MOV_f8.jpg,train,spoof
4_MOV_f9.jpg,train,spoof
4_mp4_f0.jpg,train,spoof
4_mp4_f1.jpg,train,spoof
4_mp4_f10.jpg,train,spoof
4_mp4_f11.jpg,train,spoof
4_mp4_f12.jpg,train,spoof
4_mp4_f13.jpg,train,spoof
4_mp4_f2.jpg,train,spoof
4_mp4_f3.jpg,train,spoof
4_mp4_f4.jpg,train,spoof
4_mp4_f5.jpg,train,spoof
4_mp4_f7.jpg,train,spoof
4_mp4_f8.jpg,train,spoof
4_mp4_f9.jpg,train,spoof
5_MOV_f0.jpg,train,spoof
5_MOV_f1.jpg,train,spoof
5_MOV_f10.jpg,train,spoof
5_MOV_f11.jpg,train,spoof
5_MOV_f12.jpg,train,spoof
5_MOV_f13.jpg,train,spoof
5_MOV_f14.jpg,train,spoof
5_MOV_f2.jpg,train,spoof
5_MOV_f3.jpg,train,spoof
5_MOV_f4.jpg,train,spoof
5_MOV_f5.jpg,train,spoof
5_MOV_f6.jpg,train,spoof
5_MOV_f8.jpg,train,spoof
5_MOV_f9.jpg,train,spoof
6_MOV_f0.jpg,train,spoof
6_MOV_f10.jpg,train,spoof
6_MOV_f11.jpg,train,spoof
6_MOV_f12.jpg,train,spoof
6_MOV_f13.jpg,train,spoof
6_MOV_f14.jpg,train,spoof
6_MOV_f2.jpg,train,spoof
6_MOV_f3.jpg,train,spoof
6_MOV_f4.jpg,train,spoof
6_MOV_f5.jpg,train,spoof
6_MOV_f6.jpg,train,spoof
6_MOV_f7.jpg,train,spoof
6_MOV_f8.jpg,train,spoof
6_MOV_f9.jpg,train,spoof
6_mp4_f0.jpg,train,spoof
6_mp4_f1.jpg,train,spoof
6_mp4_f10.jpg,train,spoof
6_mp4_f11.jpg,train,spoof
6_mp4_f12.jpg,train,spoof
6_mp4_f13.jpg,train,spoof
6_mp4_f14.jpg,train,spoof
6_mp4_f2.jpg,train,spoof
6_mp4_f3.jpg,train,spoof
6_mp4_f4.jpg,train,spoof
6_mp4_f5.jpg,train,spoof
6_mp4_f6.jpg,train,spoof
6_mp4_f7.jpg,train,spoof
6_mp4_f8.jpg,train,spoof
6_mp4_f9.jpg,train,spoof
7_MOV_f0.jpg,train,spoof
7_MOV_f1.jpg,train,spoof
7_MOV_f10.jpg,train,spoof
7_MOV_f11.jpg,train,spoof
7_MOV_f12.jpg,train,spoof
7_MOV_f13.jpg,train,spoof
7_MOV_f14.jpg,train,spoof
7_MOV_f2.jpg,train,spoof
7_MOV_f3.jpg,train,spoof
7_MOV_f4.jpg,train,spoof
7_MOV_f5.jpg,train,spoof
7_MOV_f6.jpg,train,spoof
7_MOV_f7.jpg,train,spoof
7_MOV_f8.jpg,train,spoof
7_MOV_f9.jpg,train,spoof
7_mp4_f0.jpg,train,spoof
7_mp4_f1.jpg,train,spoof
7_mp4_f10.jpg,train,spoof
7_mp4_f11.jpg,train,spoof
7_mp4_f12.jpg,train,spoof
7_mp4_f13.jpg,train,spoof
7_mp4_f14.jpg,train,spoof
7_mp4_f2.jpg,train,spoof
7_mp4_f3.jpg,train,spoof
7_mp4_f4.jpg,train,spoof
7_mp4_f5.jpg,train,spoof
7_mp4_f6.jpg,train,spoof
7_mp4_f7.jpg,train,spoof
7_mp4_f9.jpg,train,spoof
8_mp4_f0.jpg,train,spoof
8_mp4_f1.jpg,train,spoof
8_mp4_f11.jpg,train,spoof
8_mp4_f12.jpg,train,spoof
8_mp4_f13.jpg,train,spoof
8_mp4_f14.jpg,train,spoof
8_mp4_f2.jpg,train,spoof
8_mp4_f4.jpg,train,spoof
8_mp4_f5.jpg,train,spoof
8_mp4_f6.jpg,train,spoof
8_mp4_f7.jpg,train,spoof
8_mp4_f8.jpg,train,spoof
8_mp4_f9.jpg,train,spoof
9_MOV_f0.jpg,train,spoof
9_MOV_f1.jpg,train,spoof
9_MOV_f10.jpg,train,spoof
9_MOV_f11.jpg,train,spoof
9_MOV_f12.jpg,train,spoof
9_MOV_f13.jpg,train,spoof
9_MOV_f14.jpg,train,spoof
9_MOV_f2.jpg,train,spoof
9_MOV_f3.jpg,train,spoof
9_MOV_f4.jpg,train,spoof
9_MOV_f5.jpg,train,spoof
9_MOV_f6.jpg,train,spoof
9_MOV_f7.jpg,train,spoof
9_MOV_f8.jpg,train,spoof
9_MOV_f9.jpg,train,spoof
9_mp4_f0.jpg,train,spoof
9_mp4_f1.jpg,train,spoof
9_mp4_f10.jpg,train,spoof
9_mp4_f11.jpg,train,spoof
9_mp4_f12.jpg,train,spoof
9_mp4_f13.jpg,train,spoof
9_mp4_f14.jpg,train,spoof
9_mp4_f2.jpg,train,spoof
9_mp4_f3.jpg,train,spoof
9_mp4_f4.jpg,train,spoof
9_mp4_f5.jpg,train,spoof
9_mp4_f6.jpg,train,spoof
9_mp4_f7.jpg,train,spoof
9_mp4_f8.jpg,train,spoof
9_mp4_f9.jpg,train,spoof
IMG_20260126_110200.jpg,train,spoof
IMG_20260126_110204.jpg,train,spoof
IMG_20260126_110207.jpg,train,spoof
IMG_20260126_110210.jpg,train,spoof
IMG_20260126_110215.jpg,train,spoof
IMG_20260126_110221.jpg,train,spoof
IMG_20260126_110225.jpg,train,spoof
IMG_20260126_110228.jpg,train,spoof
IMG_20260126_110231.jpg,train,spoof
IMG_20260126_110235.jpg,train,spoof
IMG_20260126_110242.jpg,train,spoof
IMG_20260126_110246.jpg,train,spoof
IMG_20260126_110249.jpg,train,spoof
IMG_20260126_110252.jpg,train,spoof
IMG_20260126_110258.jpg,train,spoof
IMG_20260126_110304.jpg,train,spoof
IMG_20260126_110307.jpg,train,spoof
IMG_20260126_110310.jpg,train,spoof
IMG_20260126_110318.jpg,train,spoof
IMG_20260126_110322.jpg,train,spoof
IMG_20260126_110326.jpg,train,spoof
IMG_20260126_110333.jpg,train,spoof
IMG_20260126_110340.jpg,train,spoof
PXL_20211130_150112026_mp4_f0.jpg,train,spoof
PXL_20211130_150112026_mp4_f1.jpg,train,spoof
PXL_20211130_150112026_mp4_f10.jpg,train,spoof
PXL_20211130_150112026_mp4_f11.jpg,train,spoof
PXL_20211130_150112026_mp4_f12.jpg,train,spoof
PXL_20211130_150112026_mp4_f13.jpg,train,spoof
PXL_20211130_150112026_mp4_f14.jpg,train,spoof
PXL_20211130_150112026_mp4_f2.jpg,train,spoof
PXL_20211130_150112026_mp4_f3.jpg,train,spoof
PXL_20211130_150112026_mp4_f4.jpg,train,spoof
PXL_20211130_150112026_mp4_f5.jpg,train,spoof
PXL_20211130_150112026_mp4_f6.jpg,train,spoof
PXL_20211130_150112026_mp4_f7.jpg,train,spoof
PXL_20211130_150112026_mp4_f8.jpg,train,spoof
PXL_20211130_150112026_mp4_f9.jpg,train,spoof
PXL_20211130_150126584_mp4_f0.jpg,train,spoof
PXL_20211130_150126584_mp4_f1.jpg,train,spoof
PXL_20211130_150126584_mp4_f10.jpg,train,spoof
PXL_20211130_150126584_mp4_f11.jpg,train,spoof
PXL_20211130_150126584_mp4_f12.jpg,train,spoof
PXL_20211130_150126584_mp4_f13.jpg,train,spoof
PXL_20211130_150126584_mp4_f14.jpg,train,spoof
PXL_20211130_150126584_mp4_f2.jpg,train,spoof
PXL_20211130_150126584_mp4_f3.jpg,train,spoof
PXL_20211130_150126584_mp4_f4.jpg,train,spoof
PXL_20211130_150126584_mp4_f5.jpg,train,spoof
PXL_20211130_150126584_mp4_f6.jpg,train,spoof
PXL_20211130_150126584_mp4_f7.jpg,train,spoof
PXL_20211130_150126584_mp4_f8.jpg,train,spoof
PXL_20211130_150126584_mp4_f9.jpg,train,spoof
PXL_20211130_150208914_mp4_f0.jpg,train,spoof
PXL_20211130_150208914_mp4_f1.jpg,train,spoof
PXL_20211130_150208914_mp4_f10.jpg,train,spoof
PXL_20211130_150208914_mp4_f11.jpg,train,spoof
PXL_20211130_150208914_mp4_f12.jpg,train,spoof
PXL_20211130_150208914_mp4_f13.jpg,train,spoof
PXL_20211130_150208914_mp4_f14.jpg,train,spoof
PXL_20211130_150208914_mp4_f2.jpg,train,spoof
PXL_20211130_150208914_mp4_f3.jpg,train,spoof
PXL_20211130_150208914_mp4_f4.jpg,train,spoof
PXL_20211130_150208914_mp4_f5.jpg,train,spoof
PXL_20211130_150208914_mp4_f6.jpg,train,spoof
PXL_20211130_150208914_mp4_f7.jpg,train,spoof
PXL_20211130_150208914_mp4_f8.jpg,train,spoof
PXL_20211130_150208914_mp4_f9.jpg,train,spoof
PXL_20211130_150222631_mp4_f0.jpg,train,spoof
PXL_20211130_150222631_mp4_f1.jpg,train,spoof
PXL_20211130_150222631_mp4_f10.jpg,train,spoof
PXL_20211130_150222631_mp4_f11.jpg,train,spoof
PXL_20211130_150222631_mp4_f12.jpg,train,spoof
PXL_20211130_150222631_mp4_f13.jpg,train,spoof
PXL_20211130_150222631_mp4_f14.jpg,train,spoof
PXL_20211130_150222631_mp4_f2.jpg,train,spoof
PXL_20211130_150222631_mp4_f3.jpg,train,spoof
PXL_20211130_150222631_mp4_f4.jpg,train,spoof
PXL_20211130_150222631_mp4_f5.jpg,train,spoof
PXL_20211130_150222631_mp4_f6.jpg,train,spoof
PXL_20211130_150222631_mp4_f7.jpg,train,spoof
PXL_20211130_150222631_mp4_f8.jpg,train,spoof
PXL_20211130_150222631_mp4_f9.jpg,train,spoof
PXL_20211130_150229498_mp4_f0.jpg,train,spoof
PXL_20211130_150229498_mp4_f1.jpg,train,spoof
PXL_20211130_150229498_mp4_f10.jpg,train,spoof
PXL_20211130_150229498_mp4_f11.jpg,train,spoof
PXL_20211130_150229498_mp4_f12.jpg,train,spoof
PXL_20211130_150229498_mp4_f13.jpg,train,spoof
PXL_20211130_150229498_mp4_f14.jpg,train,spoof
PXL_20211130_150229498_mp4_f2.jpg,train,spoof
PXL_20211130_150229498_mp4_f3.jpg,train,spoof
PXL_20211130_150229498_mp4_f4.jpg,train,spoof
PXL_20211130_150229498_mp4_f5.jpg,train,spoof
PXL_20211130_150229498_mp4_f6.jpg,train,spoof
PXL_20211130_150229498_mp4_f7.jpg,train,spoof
PXL_20211130_150229498_mp4_f8.jpg,train,spoof
PXL_20211130_150229498_mp4_f9.jpg,train,spoof
PXL_20211130_150248713_mp4_f0.jpg,train,spoof
PXL_20211130_150248713_mp4_f1.jpg,train,spoof
PXL_20211130_150248713_mp4_f10.jpg,train,spoof
PXL_20211130_150248713_mp4_f11.jpg,train,spoof
PXL_20211130_150248713_mp4_f12.jpg,train,spoof
PXL_20211130_150248713_mp4_f13.jpg,train,spoof
PXL_20211130_150248713_mp4_f14.jpg,train,spoof
PXL_20211130_150248713_mp4_f2.jpg,train,spoof
PXL_20211130_150248713_mp4_f3.jpg,train,spoof
PXL_20211130_150248713_mp4_f4.jpg,train,spoof
PXL_20211130_150248713_mp4_f5.jpg,train,spoof
PXL_20211130_150248713_mp4_f6.jpg,train,spoof
PXL_20211130_150248713_mp4_f7.jpg,train,spoof
PXL_20211130_150248713_mp4_f8.jpg,train,spoof
PXL_20211130_150248713_mp4_f9.jpg,train,spoof
PXL_20211130_150304300_mp4_f0.jpg,train,spoof
PXL_20211130_150304300_mp4_f1.jpg,train,spoof
PXL_20211130_150304300_mp4_f10.jpg,train,spoof
PXL_20211130_150304300_mp4_f11.jpg,train,spoof
PXL_20211130_150304300_mp4_f12.jpg,train,spoof
PXL_20211130_150304300_mp4_f13.jpg,train,spoof
PXL_20211130_150304300_mp4_f14.jpg,train,spoof
PXL_20211130_150304300_mp4_f2.jpg,train,spoof
PXL_20211130_150304300_mp4_f3.jpg,train,spoof
PXL_20211130_150304300_mp4_f4.jpg,train,spoof
PXL_20211130_150304300_mp4_f5.jpg,train,spoof
PXL_20211130_150304300_mp4_f6.jpg,train,spoof
PXL_20211130_150304300_mp4_f7.jpg,train,spoof
PXL_20211130_150304300_mp4_f8.jpg,train,spoof
PXL_20211130_150304300_mp4_f9.jpg,train,spoof
PXL_20211130_150438248_mp4_f0.jpg,train,spoof
PXL_20211130_150438248_mp4_f1.jpg,train,spoof
PXL_20211130_150438248_mp4_f10.jpg,train,spoof
PXL_20211130_150438248_mp4_f11.jpg,train,spoof
PXL_20211130_150438248_mp4_f12.jpg,train,spoof
PXL_20211130_150438248_mp4_f13.jpg,train,spoof
PXL_20211130_150438248_mp4_f14.jpg,train,spoof
PXL_20211130_150438248_mp4_f2.jpg,train,spoof
PXL_20211130_150438248_mp4_f3.jpg,train,spoof
PXL_20211130_150438248_mp4_f4.jpg,train,spoof
PXL_20211130_150438248_mp4_f5.jpg,train,spoof
PXL_20211130_150438248_mp4_f6.jpg,train,spoof
PXL_20211130_150438248_mp4_f7.jpg,train,spoof
PXL_20211130_150438248_mp4_f8.jpg,train,spoof
PXL_20211130_150438248_mp4_f9.jpg,train,spoof
PXL_20211130_150455538_mp4_f0.jpg,train,spoof
PXL_20211130_150455538_mp4_f1.jpg,train,spoof
PXL_20211130_150455538_mp4_f10.jpg,train,spoof
PXL_20211130_150455538_mp4_f11.jpg,train,spoof
PXL_20211130_150455538_mp4_f12.jpg,train,spoof
PXL_20211130_150455538_mp4_f13.jpg,train,spoof
PXL_20211130_150455538_mp4_f14.jpg,train,spoof
PXL_20211130_150455538_mp4_f2.jpg,train,spoof
PXL_20211130_150455538_mp4_f3.jpg,train,spoof
PXL_20211130_150455538_mp4_f4.jpg,train,spoof
PXL_20211130_150455538_mp4_f5.jpg,train,spoof
PXL_20211130_150455538_mp4_f6.jpg,train,spoof
PXL_20211130_150455538_mp4_f7.jpg,train,spoof
PXL_20211130_150455538_mp4_f8.jpg,train,spoof
PXL_20211130_150455538_mp4_f9.jpg,train,spoof
PXL_20211130_150509040_mp4_f0.jpg,train,spoof
PXL_20211130_150509040_mp4_f1.jpg,train,spoof
PXL_20211130_150509040_mp4_f10.jpg,train,spoof
PXL_20211130_150509040_mp4_f11.jpg,train,spoof
PXL_20211130_150509040_mp4_f12.jpg,train,spoof
PXL_20211130_150509040_mp4_f13.jpg,train,spoof
PXL_20211130_150509040_mp4_f14.jpg,train,spoof
PXL_20211130_150509040_mp4_f2.jpg,train,spoof
PXL_20211130_150509040_mp4_f3.jpg,train,spoof
PXL_20211130_150509040_mp4_f4.jpg,train,spoof
PXL_20211130_150509040_mp4_f5.jpg,train,spoof
PXL_20211130_150509040_mp4_f6.jpg,train,spoof
PXL_20211130_150509040_mp4_f7.jpg,train,spoof
PXL_20211130_150509040_mp4_f8.jpg,train,spoof
PXL_20211130_150509040_mp4_f9.jpg,train,spoof
PXL_20211130_150529934_mp4_f0.jpg,train,spoof
PXL_20211130_150529934_mp4_f1.jpg,train,spoof
PXL_20211130_150529934_mp4_f10.jpg,train,spoof
PXL_20211130_150529934_mp4_f11.jpg,train,spoof
PXL_20211130_150529934_mp4_f12.jpg,train,spoof
PXL_20211130_150529934_mp4_f13.jpg,train,spoof
PXL_20211130_150529934_mp4_f14.jpg,train,spoof
PXL_20211130_150529934_mp4_f2.jpg,train,spoof
PXL_20211130_150529934_mp4_f3.jpg,train,spoof
PXL_20211130_150529934_mp4_f4.jpg,train,spoof
PXL_20211130_150529934_mp4_f5.jpg,train,spoof
PXL_20211130_150529934_mp4_f6.jpg,train,spoof
PXL_20211130_150529934_mp4_f7.jpg,train,spoof
PXL_20211130_150529934_mp4_f8.jpg,train,spoof
PXL_20211130_150529934_mp4_f9.jpg,train,spoof
PXL_20211130_150536643_mp4_f0.jpg,train,spoof
PXL_20211130_150536643_mp4_f1.jpg,train,spoof
PXL_20211130_150536643_mp4_f10.jpg,train,spoof
PXL_20211130_150536643_mp4_f11.jpg,train,spoof
PXL_20211130_150536643_mp4_f12.jpg,train,spoof
PXL_20211130_150536643_mp4_f13.jpg,train,spoof
PXL_20211130_150536643_mp4_f14.jpg,train,spoof
PXL_20211130_150536643_mp4_f2.jpg,train,spoof
PXL_20211130_150536643_mp4_f3.jpg,train,spoof
PXL_20211130_150536643_mp4_f4.jpg,train,spoof
PXL_20211130_150536643_mp4_f5.jpg,train,spoof
PXL_20211130_150536643_mp4_f6.jpg,train,spoof
PXL_20211130_150536643_mp4_f7.jpg,train,spoof
PXL_20211130_150536643_mp4_f8.jpg,train,spoof
PXL_20211130_150536643_mp4_f9.jpg,train,spoof
PXL_20211130_150542694_mp4_f0.jpg,train,spoof
PXL_20211130_150542694_mp4_f1.jpg,train,spoof
PXL_20211130_150542694_mp4_f10.jpg,train,spoof
PXL_20211130_150542694_mp4_f11.jpg,train,spoof
PXL_20211130_150542694_mp4_f12.jpg,train,spoof
PXL_20211130_150542694_mp4_f13.jpg,train,spoof
PXL_20211130_150542694_mp4_f14.jpg,train,spoof
PXL_20211130_150542694_mp4_f2.jpg,train,spoof
PXL_20211130_150542694_mp4_f3.jpg,train,spoof
PXL_20211130_150542694_mp4_f4.jpg,train,spoof
PXL_20211130_150542694_mp4_f5.jpg,train,spoof
PXL_20211130_150542694_mp4_f6.jpg,train,spoof
PXL_20211130_150542694_mp4_f7.jpg,train,spoof
PXL_20211130_150542694_mp4_f8.jpg,train,spoof
PXL_20211130_150542694_mp4_f9.jpg,train,spoof
PXL_20211130_150549664_mp4_f0.jpg,train,spoof
PXL_20211130_150549664_mp4_f1.jpg,train,spoof
PXL_20211130_150549664_mp4_f10.jpg,train,spoof
PXL_20211130_150549664_mp4_f11.jpg,train,spoof
PXL_20211130_150549664_mp4_f12.jpg,train,spoof
PXL_20211130_150549664_mp4_f13.jpg,train,spoof
PXL_20211130_150549664_mp4_f14.jpg,train,spoof
PXL_20211130_150549664_mp4_f2.jpg,train,spoof
PXL_20211130_150549664_mp4_f3.jpg,train,spoof
PXL_20211130_150549664_mp4_f4.jpg,train,spoof
PXL_20211130_150549664_mp4_f5.jpg,train,spoof
PXL_20211130_150549664_mp4_f6.jpg,train,spoof
PXL_20211130_150549664_mp4_f7.jpg,train,spoof
PXL_20211130_150549664_mp4_f8.jpg,train,spoof
PXL_20211130_150549664_mp4_f9.jpg,train,spoof
replay_video_mp4_f0.jpg,train,spoof
replay_video_mp4_f1.jpg,train,spoof
replay_video_mp4_f10.jpg,train,spoof
replay_video_mp4_f11.jpg,train,spoof
replay_video_mp4_f12.jpg,train,spoof
replay_video_mp4_f13.jpg,train,spoof
replay_video_mp4_f14.jpg,train,spoof
replay_video_mp4_f2.jpg,train,spoof
replay_video_mp4_f3.jpg,train,spoof
replay_video_mp4_f4.jpg,train,spoof
replay_video_mp4_f5.jpg,train,spoof
replay_video_mp4_f6.jpg,train,spoof
replay_video_mp4_f7.jpg,train,spoof
replay_video_mp4_f8.jpg,train,spoof
replay_video_mp4_f9.jpg,train,spoof
Copia di subj_14_left_side_light_00.jpg,val,live
Copia di subj_14_left_side_light_01.jpg,val,live
Copia di subj_14_left_side_light_02.jpg,val,live
Copia di subj_14_light_behind_camera_00.jpg,val,live
Copia di subj_14_light_behind_camera_01.jpg,val,live
Copia di subj_14_light_behind_subj_00.jpg,val,live
Copia di subj_14_light_behind_subj_01.jpg,val,live
Copia di subj_14_light_behind_subj_02.jpg,val,live
Copia di subj_14_low_light_00(1).jpg,val,live
Copia di subj_14_low_light_00.jpg,val,live
Copia di subj_14_low_light_01(1).jpg,val,live
Copia di subj_14_low_light_01.jpg,val,live
Copia di subj_14_low_light_02.jpg,val,live
Copia di subj_14_natural_light_00.jpg,val,live
Copia di subj_14_natural_light_01.jpg,val,live
Copia di subj_14_overexposed_00.jpg,val,live
Copia di subj_14_overexposed_01.jpg,val,live
Copia di subj_14_overexposed_02.jpg,val,live
Copia di subj_14_overhead_light_00.jpg,val,live
Copia di subj_14_overhead_light_01.jpg,val,live
Copia di subj_14_overhead_light_02.jpg,val,live
Copia di subj_14_right_side_light_00.jpg,val,live
Copia di subj_14_right_side_light_01.jpg,val,live
Copia di subj_14_right_side_light_02.jpg,val,live
Copia di subj_14_top_light_01(1).jpg,val,live
Copia di subj_14_top_light_01.jpg,val,live
Copia di subj_15_left_side_light_00.jpg,val,live
Copia di subj_15_left_side_light_01.jpg,val,live
Copia di subj_15_left_side_light_02.jpg,val,live
Copia di subj_15_light_behind_camera_00.jpg,val,live
Copia di subj_15_light_behind_camera_01.jpg,val,live
Copia di subj_15_light_behind_subject_00.jpg,val,live
Copia di subj_15_light_behind_subject_01.jpg,val,live
Copia di subj_15_light_behind_subject_02.jpg,val,live
Copia di subj_15_low_light_00(1).jpg,val,live
Copia di subj_15_low_light_00.jpg,val,live
Copia di subj_15_low_light_01(1).jpg,val,live
Copia di subj_15_low_light_01.jpg,val,live
Copia di subj_15_low_light_02.jpg,val,live
Copia di subj_15_natural_light_00.jpg,val,live
Copia di subj_15_natural_light_01.jpg,val,live
Copia di subj_15_overexposed_00.jpg,val,live
Copia di subj_15_overexposed_01.jpg,val,live
Copia di subj_15_overexposed_02.jpg,val,live
Copia di subj_15_overhead_light_00.jpg,val,live
Copia di subj_15_overhead_light_01.jpg,val,live
Copia di subj_15_overhead_light_02.jpg,val,live
Copia di subj_15_right_side_light_00.jpg,val,live
Copia di subj_15_right_side_light_01.jpg,val,live
Copia di subj_15_right_side_light_02.jpg,val,live
Copia di subj_15_top_light_00.jpg,val,live
Copia di subj_15_top_light_01.jpg,val,live
real_1_MOV_f0.jpg,val,live
real_1_MOV_f1.jpg,val,live
real_1_MOV_f10.jpg,val,live
real_1_MOV_f11.jpg,val,live
real_1_MOV_f12.jpg,val,live
real_1_MOV_f13.jpg,val,live
real_1_MOV_f14.jpg,val,live
real_1_MOV_f15.jpg,val,live
real_1_MOV_f16.jpg,val,live
real_1_MOV_f17.jpg,val,live
real_1_MOV_f18.jpg,val,live
real_1_MOV_f19.jpg,val,live
real_1_MOV_f2.jpg,val,live
real_1_MOV_f20.jpg,val,live
real_1_MOV_f21.jpg,val,live
real_1_MOV_f22.jpg,val,live
real_1_MOV_f23.jpg,val,live
real_1_MOV_f24.jpg,val,live
real_1_MOV_f25.jpg,val,live
real_1_MOV_f3.jpg,val,live
real_1_MOV_f4.jpg,val,live
real_1_MOV_f5.jpg,val,live
real_1_MOV_f6.jpg,val,live
real_1_MOV_f7.jpg,val,live
real_1_MOV_f8.jpg,val,live
real_1_MOV_f9.jpg,val,live
real_1_mp4_f0.jpg,val,live
real_1_mp4_f1.jpg,val,live
real_1_mp4_f10.jpg,val,live
real_1_mp4_f11.jpg,val,live
real_1_mp4_f12.jpg,val,live
real_1_mp4_f13.jpg,val,live
real_1_mp4_f14.jpg,val,live
real_1_mp4_f15.jpg,val,live
real_1_mp4_f16.jpg,val,live
real_1_mp4_f17.jpg,val,live
real_1_mp4_f18.jpg,val,live
real_1_mp4_f19.jpg,val,live
real_1_mp4_f2.jpg,val,live
real_1_mp4_f20.jpg,val,live
real_1_mp4_f21.jpg,val,live
real_1_mp4_f22.jpg,val,live
real_1_mp4_f23.jpg,val,live
real_1_mp4_f24.jpg,val,live
real_1_mp4_f25.jpg,val,live
real_1_mp4_f3.jpg,val,live
real_1_mp4_f4.jpg,val,live
real_1_mp4_f5.jpg,val,live
real_1_mp4_f6.jpg,val,live
real_1_mp4_f7.jpg,val,live
real_1_mp4_f8.jpg,val,live
real_1_mp4_f9.jpg,val,live
real_2_mp4_f0.jpg,val,live
real_2_mp4_f1.jpg,val,live
real_2_mp4_f10.jpg,val,live
real_2_mp4_f11.jpg,val,live
real_2_mp4_f12.jpg,val,live
real_2_mp4_f13.jpg,val,live
real_2_mp4_f14.jpg,val,live
real_2_mp4_f15.jpg,val,live
real_2_mp4_f16.jpg,val,live
real_2_mp4_f17.jpg,val,live
real_2_mp4_f18.jpg,val,live
real_2_mp4_f19.jpg,val,live
real_2_mp4_f2.jpg,val,live
real_2_mp4_f20.jpg,val,live
real_2_mp4_f21.jpg,val,live
real_2_mp4_f22.jpg,val,live
real_2_mp4_f23.jpg,val,live
real_2_mp4_f24.jpg,val,live
real_2_mp4_f25.jpg,val,live
real_2_mp4_f3.jpg,val,live
real_2_mp4_f4.jpg,val,live
real_2_mp4_f5.jpg,val,live
real_2_mp4_f6.jpg,val,live
real_2_mp4_f7.jpg,val,live
real_2_mp4_f8.jpg,val,live
real_2_mp4_f9.jpg,val,live
real_3_MOV_f0.jpg,val,live
real_3_MOV_f1.jpg,val,live
real_3_MOV_f10.jpg,val,live
real_3_MOV_f11.jpg,val,live
real_3_MOV_f12.jpg,val,live
real_3_MOV_f13.jpg,val,live
real_3_MOV_f14.jpg,val,live
real_3_MOV_f15.jpg,val,live
real_3_MOV_f16.jpg,val,live
real_3_MOV_f17.jpg,val,live
real_3_MOV_f18.jpg,val,live
real_3_MOV_f19.jpg,val,live
real_3_MOV_f2.jpg,val,live
real_3_MOV_f20.jpg,val,live
real_3_MOV_f21.jpg,val,live
real_3_MOV_f22.jpg,val,live
real_3_MOV_f23.jpg,val,live
real_3_MOV_f24.jpg,val,live
real_3_MOV_f25.jpg,val,live
real_3_MOV_f3.jpg,val,live
real_3_MOV_f4.jpg,val,live
real_3_MOV_f5.jpg,val,live
real_3_MOV_f6.jpg,val,live
real_3_MOV_f7.jpg,val,live
real_3_MOV_f8.jpg,val,live
real_3_MOV_f9.jpg,val,live
real_4_MOV_f0.jpg,val,live
real_4_MOV_f1.jpg,val,live
real_4_MOV_f10.jpg,val,live
real_4_MOV_f11.jpg,val,live
real_4_MOV_f12.jpg,val,live
real_4_MOV_f13.jpg,val,live
real_4_MOV_f14.jpg,val,live
real_4_MOV_f15.jpg,val,live
real_4_MOV_f16.jpg,val,live
real_4_MOV_f17.jpg,val,live
real_4_MOV_f18.jpg,val,live
real_4_MOV_f19.jpg,val,live
real_4_MOV_f2.jpg,val,live
real_4_MOV_f20.jpg,val,live
real_4_MOV_f21.jpg,val,live
real_4_MOV_f22.jpg,val,live
real_4_MOV_f23.jpg,val,live
real_4_MOV_f24.jpg,val,live
real_4_MOV_f25.jpg,val,live
real_4_MOV_f3.jpg,val,live
real_4_MOV_f4.jpg,val,live
real_4_MOV_f5.jpg,val,live
real_4_MOV_f6.jpg,val,live
real_4_MOV_f7.jpg,val,live
real_4_MOV_f8.jpg,val,live
real_4_MOV_f9.jpg,val,live
real_4_mp4_f0.jpg,val,live
real_4_mp4_f1.jpg,val,live
real_4_mp4_f10.jpg,val,live
real_4_mp4_f11.jpg,val,live
real_4_mp4_f12.jpg,val,live
real_4_mp4_f13.jpg,val,live
real_4_mp4_f14.jpg,val,live
real_4_mp4_f15.jpg,val,live
real_4_mp4_f16.jpg,val,live
real_4_mp4_f17.jpg,val,live
real_4_mp4_f18.jpg,val,live
real_4_mp4_f19.jpg,val,live
real_4_mp4_f2.jpg,val,live
real_4_mp4_f20.jpg,val,live
real_4_mp4_f21.jpg,val,live
real_4_mp4_f22.jpg,val,live
real_4_mp4_f23.jpg,val,live
real_4_mp4_f24.jpg,val,live
real_4_mp4_f25.jpg,val,live
real_4_mp4_f3.jpg,val,live
real_4_mp4_f4.jpg,val,live
real_4_mp4_f5.jpg,val,live
real_4_mp4_f6.jpg,val,live
real_4_mp4_f7.jpg,val,live
real_4_mp4_f8.jpg,val,live
real_4_mp4_f9.jpg,val,live
10_MOV_f0.jpg,val,spoof
10_MOV_f1.jpg,val,spoof
10_MOV_f10.jpg,val,spoof
10_MOV_f11.jpg,val,spoof
10_MOV_f12.jpg,val,spoof
10_MOV_f2.jpg,val,spoof
10_MOV_f3.jpg,val,spoof
10_MOV_f4.jpg,val,spoof
10_MOV_f5.jpg,val,spoof
10_MOV_f6.jpg,val,spoof
10_MOV_f7.jpg,val,spoof
10_MOV_f8.jpg,val,spoof
10_MOV_f9.jpg,val,spoof
10_mp4_f0.jpg,val,spoof
10_mp4_f1.jpg,val,spoof
10_mp4_f10.jpg,val,spoof
10_mp4_f11.jpg,val,spoof
10_mp4_f12.jpg,val,spoof
10_mp4_f13.jpg,val,spoof
10_mp4_f14.jpg,val,spoof
10_mp4_f2.jpg,val,spoof
10_mp4_f3.jpg,val,spoof
10_mp4_f4.jpg,val,spoof
10_mp4_f5.jpg,val,spoof
10_mp4_f6.jpg,val,spoof
10_mp4_f7.jpg,val,spoof
10_mp4_f8.jpg,val,spoof
10_mp4_f9.jpg,val,spoof
12_MOV_f0.jpg,val,spoof
12_MOV_f1.jpg,val,spoof
12_MOV_f10.jpg,val,spoof
12_MOV_f11.jpg,val,spoof
12_MOV_f12.jpg,val,spoof
12_MOV_f13.jpg,val,spoof
12_MOV_f14.jpg,val,spoof
12_MOV_f2.jpg,val,spoof
12_MOV_f3.jpg,val,spoof
12_MOV_f4.jpg,val,spoof
12_MOV_f5.jpg,val,spoof
12_MOV_f6.jpg,val,spoof
12_MOV_f7.jpg,val,spoof
12_MOV_f8.jpg,val,spoof
12_MOV_f9.jpg,val,spoof
14_1.jpg,val,spoof
14_10.jpg,val,spoof
14_11.jpg,val,spoof
14_12.jpg,val,spoof
14_13.jpg,val,spoof
14_14.jpg,val,spoof
14_15.jpg,val,spoof
14_16.jpg,val,spoof
14_17.jpg,val,spoof
14_18.jpg,val,spoof
14_19.jpg,val,spoof
14_2.jpg,val,spoof
14_20.jpg,val,spoof
14_21.jpg,val,spoof
14_22.jpg,val,spoof
14_23.jpg,val,spoof
14_24.jpg,val,spoof
14_25.jpg,val,spoof
14_26.jpg,val,spoof
14_3.jpg,val,spoof
14_4.jpg,val,spoof
14_5.jpg,val,spoof
14_6.jpg,val,spoof
14_7.jpg,val,spoof
14_8.jpg,val,spoof
14_9.jpg,val,spoof
14_mp4_f10.jpg,val,spoof
14_mp4_f11.jpg,val,spoof
14_mp4_f12.jpg,val,spoof
14_mp4_f13.jpg,val,spoof
14_mp4_f14.jpg,val,spoof
14_mp4_f4.jpg,val,spoof
14_mp4_f5.jpg,val,spoof
14_mp4_f6.jpg,val,spoof
14_mp4_f7.jpg,val,spoof
14_mp4_f8.jpg,val,spoof
14_mp4_f9.jpg,val,spoof
15_1.jpg,val,spoof
15_10.jpg,val,spoof
15_11.jpg,val,spoof
15_12.jpg,val,spoof
15_13.jpg,val,spoof
15_14.jpg,val,spoof
15_17.jpg,val,spoof
15_18.jpg,val,spoof
15_19.jpg,val,spoof
15_2.jpg,val,spoof
15_20.jpg,val,spoof
15_21.jpg,val,spoof
15_22.jpg,val,spoof
15_23.jpg,val,spoof
15_24.jpg,val,spoof
15_25.jpg,val,spoof
15_26.jpg,val,spoof
15_3.jpg,val,spoof
15_4.jpg,val,spoof
15_5.jpg,val,spoof
15_6.jpg,val,spoof
15_7.jpg,val,spoof
15_8.jpg,val,spoof
15_9.jpg,val,spoof
1638283621_0_0002_False_mp4_f0.jpg,val,spoof
1638283621_0_0002_False_mp4_f1.jpg,val,spoof
1638283621_0_0002_False_mp4_f10.jpg,val,spoof
1638283621_0_0002_False_mp4_f11.jpg,val,spoof
1638283621_0_0002_False_mp4_f12.jpg,val,spoof
1638283621_0_0002_False_mp4_f13.jpg,val,spoof
1638283621_0_0002_False_mp4_f14.jpg,val,spoof
1638283621_0_0002_False_mp4_f2.jpg,val,spoof
1638283621_0_0002_False_mp4_f3.jpg,val,spoof
1638283621_0_0002_False_mp4_f4.jpg,val,spoof
1638283621_0_0002_False_mp4_f5.jpg,val,spoof
1638283621_0_0002_False_mp4_f6.jpg,val,spoof
1638283621_0_0002_False_mp4_f7.jpg,val,spoof
1638283621_0_0002_False_mp4_f8.jpg,val,spoof
1638283621_0_0002_False_mp4_f9.jpg,val,spoof
1638283707_0_0002_False_mp4_f0.jpg,val,spoof
1638283707_0_0002_False_mp4_f1.jpg,val,spoof
1638283707_0_0002_False_mp4_f10.jpg,val,spoof
1638283707_0_0002_False_mp4_f11.jpg,val,spoof
1638283707_0_0002_False_mp4_f12.jpg,val,spoof
1638283707_0_0002_False_mp4_f13.jpg,val,spoof
1638283707_0_0002_False_mp4_f14.jpg,val,spoof
1638283707_0_0002_False_mp4_f2.jpg,val,spoof
1638283707_0_0002_False_mp4_f3.jpg,val,spoof
1638283707_0_0002_False_mp4_f4.jpg,val,spoof
1638283707_0_0002_False_mp4_f5.jpg,val,spoof
1638283707_0_0002_False_mp4_f6.jpg,val,spoof
1638283707_0_0002_False_mp4_f7.jpg,val,spoof
1638283707_0_0002_False_mp4_f8.jpg,val,spoof
1638283707_0_0002_False_mp4_f9.jpg,val,spoof
1638283716_0_0003_False_mp4_f0.jpg,val,spoof
1638283716_0_0003_False_mp4_f1.jpg,val,spoof
1638283716_0_0003_False_mp4_f10.jpg,val,spoof
1638283716_0_0003_False_mp4_f11.jpg,val,spoof
1638283716_0_0003_False_mp4_f12.jpg,val,spoof
1638283716_0_0003_False_mp4_f13.jpg,val,spoof
1638283716_0_0003_False_mp4_f14.jpg,val,spoof
1638283716_0_0003_False_mp4_f2.jpg,val,spoof
1638283716_0_0003_False_mp4_f3.jpg,val,spoof
1638283716_0_0003_False_mp4_f4.jpg,val,spoof
1638283716_0_0003_False_mp4_f5.jpg,val,spoof
1638283716_0_0003_False_mp4_f6.jpg,val,spoof
1638283716_0_0003_False_mp4_f7.jpg,val,spoof
1638283716_0_0003_False_mp4_f8.jpg,val,spoof
1638283716_0_0003_False_mp4_f9.jpg,val,spoof
1638283933_0_0002_False_mp4_f0.jpg,val,spoof
1638283933_0_0002_False_mp4_f1.jpg,val,spoof
1638283933_0_0002_False_mp4_f10.jpg,val,spoof
1638283933_0_0002_False_mp4_f11.jpg,val,spoof
1638283933_0_0002_False_mp4_f12.jpg,val,spoof
1638283933_0_0002_False_mp4_f13.jpg,val,spoof
1638283933_0_0002_False_mp4_f14.jpg,val,spoof
1638283933_0_0002_False_mp4_f2.jpg,val,spoof
1638283933_0_0002_False_mp4_f3.jpg,val,spoof
1638283933_0_0002_False_mp4_f4.jpg,val,spoof
1638283933_0_0002_False_mp4_f5.jpg,val,spoof
1638283933_0_0002_False_mp4_f6.jpg,val,spoof
1638283933_0_0002_False_mp4_f7.jpg,val,spoof
1638283933_0_0002_False_mp4_f8.jpg,val,spoof
1638283933_0_0002_False_mp4_f9.jpg,val,spoof
1638283960_0_0002_False_mp4_f0.jpg,val,spoof
1638283960_0_0002_False_mp4_f1.jpg,val,spoof
1638283960_0_0002_False_mp4_f10.jpg,val,spoof
1638283960_0_0002_False_mp4_f11.jpg,val,spoof
1638283960_0_0002_False_mp4_f12.jpg,val,spoof
1638283960_0_0002_False_mp4_f13.jpg,val,spoof
1638283960_0_0002_False_mp4_f14.jpg,val,spoof
1638283960_0_0002_False_mp4_f2.jpg,val,spoof
1638283960_0_0002_False_mp4_f3.jpg,val,spoof
1638283960_0_0002_False_mp4_f4.jpg,val,spoof
1638283960_0_0002_False_mp4_f5.jpg,val,spoof
1638283960_0_0002_False_mp4_f6.jpg,val,spoof
1638283960_0_0002_False_mp4_f7.jpg,val,spoof
1638283960_0_0002_False_mp4_f8.jpg,val,spoof
1638283960_0_0002_False_mp4_f9.jpg,val,spoof
18_mp4_f0.jpg,val,spoof
18_mp4_f1.jpg,val,spoof
18_mp4_f10.jpg,val,spoof
18_mp4_f11.jpg,val,spoof
18_mp4_f12.jpg,val,spoof
18_mp4_f13.jpg,val,spoof
18_mp4_f14.jpg,val,spoof
18_mp4_f2.jpg,val,spoof
18_mp4_f3.jpg,val,spoof
18_mp4_f4.jpg,val,spoof
18_mp4_f5.jpg,val,spoof
18_mp4_f6.jpg,val,spoof
18_mp4_f7.jpg,val,spoof
18_mp4_f8.jpg,val,spoof
18_mp4_f9.jpg,val,spoof
3_mp4_f0.jpg,val,spoof
3_mp4_f1.jpg,val,spoof
3_mp4_f10.jpg,val,spoof
3_mp4_f11.jpg,val,spoof
3_mp4_f12.jpg,val,spoof
3_mp4_f13.jpg,val,spoof
3_mp4_f14.jpg,val,spoof
3_mp4_f2.jpg,val,spoof
3_mp4_f3.jpg,val,spoof
3_mp4_f4.jpg,val,spoof
3_mp4_f5.jpg,val,spoof
3_mp4_f6.jpg,val,spoof
3_mp4_f7.jpg,val,spoof
3_mp4_f8.jpg,val,spoof
3_mp4_f9.jpg,val,spoof
4_mp4_f10.jpg,val,spoof
4_mp4_f12.jpg,val,spoof
4_mp4_f13.jpg,val,spoof
4_mp4_f2.jpg,val,spoof
4_mp4_f3.jpg,val,spoof
4_mp4_f5.jpg,val,spoof
4_mp4_f7.jpg,val,spoof
4_mp4_f8.jpg,val,spoof
5_MOV_f0.jpg,val,spoof
5_MOV_f1.jpg,val,spoof
5_MOV_f10.jpg,val,spoof
5_MOV_f12.jpg,val,spoof
5_MOV_f13.jpg,val,spoof
5_MOV_f2.jpg,val,spoof
5_MOV_f3.jpg,val,spoof
5_MOV_f4.jpg,val,spoof
5_MOV_f5.jpg,val,spoof
5_MOV_f6.jpg,val,spoof
5_MOV_f8.jpg,val,spoof
5_MOV_f9.jpg,val,spoof
8_MOV_f0.jpg,val,spoof
8_MOV_f1.jpg,val,spoof
8_MOV_f10.jpg,val,spoof
8_MOV_f11.jpg,val,spoof
8_MOV_f12.jpg,val,spoof
8_MOV_f13.jpg,val,spoof
8_MOV_f14.jpg,val,spoof
8_MOV_f2.jpg,val,spoof
8_MOV_f3.jpg,val,spoof
8_MOV_f4.jpg,val,spoof
8_MOV_f5.jpg,val,spoof
8_MOV_f6.jpg,val,spoof
8_MOV_f8.jpg,val,spoof
8_MOV_f9.jpg,val,spoof
8_mp4_f0.jpg,val,spoof
8_mp4_f1.jpg,val,spoof
8_mp4_f10.jpg,val,spoof
8_mp4_f11.jpg,val,spoof
8_mp4_f12.jpg,val,spoof
8_mp4_f13.jpg,val,spoof
8_mp4_f2.jpg,val,spoof
8_mp4_f3.jpg,val,spoof
8_mp4_f4.jpg,val,spoof
8_mp4_f5.jpg,val,spoof
8_mp4_f6.jpg,val,spoof
8_mp4_f8.jpg,val,spoof
8_mp4_f9.jpg,val,spoof
PXL_20211130_150141876_mp4_f0.jpg,val,spoof
PXL_20211130_150141876_mp4_f1.jpg,val,spoof
PXL_20211130_150141876_mp4_f10.jpg,val,spoof
PXL_20211130_150141876_mp4_f11.jpg,val,spoof
PXL_20211130_150141876_mp4_f12.jpg,val,spoof
PXL_20211130_150141876_mp4_f13.jpg,val,spoof
PXL_20211130_150141876_mp4_f14.jpg,val,spoof
PXL_20211130_150141876_mp4_f2.jpg,val,spoof
PXL_20211130_150141876_mp4_f3.jpg,val,spoof
PXL_20211130_150141876_mp4_f4.jpg,val,spoof
PXL_20211130_150141876_mp4_f5.jpg,val,spoof
PXL_20211130_150141876_mp4_f6.jpg,val,spoof
PXL_20211130_150141876_mp4_f7.jpg,val,spoof
PXL_20211130_150141876_mp4_f8.jpg,val,spoof
PXL_20211130_150141876_mp4_f9.jpg,val,spoof
PXL_20211130_150215538_mp4_f0.jpg,val,spoof
PXL_20211130_150215538_mp4_f1.jpg,val,spoof
PXL_20211130_150215538_mp4_f10.jpg,val,spoof
PXL_20211130_150215538_mp4_f11.jpg,val,spoof
PXL_20211130_150215538_mp4_f12.jpg,val,spoof
PXL_20211130_150215538_mp4_f13.jpg,val,spoof
PXL_20211130_150215538_mp4_f14.jpg,val,spoof
PXL_20211130_150215538_mp4_f2.jpg,val,spoof
PXL_20211130_150215538_mp4_f3.jpg,val,spoof
PXL_20211130_150215538_mp4_f4.jpg,val,spoof
PXL_20211130_150215538_mp4_f5.jpg,val,spoof
PXL_20211130_150215538_mp4_f6.jpg,val,spoof
PXL_20211130_150215538_mp4_f7.jpg,val,spoof
PXL_20211130_150215538_mp4_f8.jpg,val,spoof
PXL_20211130_150215538_mp4_f9.jpg,val,spoof
replay_video_mp4_f0.jpg,val,spoof
replay_video_mp4_f1.jpg,val,spoof
replay_video_mp4_f10.jpg,val,spoof
replay_video_mp4_f11.jpg,val,spoof
replay_video_mp4_f12.jpg,val,spoof
replay_video_mp4_f13.jpg,val,spoof
replay_video_mp4_f14.jpg,val,spoof
replay_video_mp4_f2.jpg,val,spoof
replay_video_mp4_f3.jpg,val,spoof
replay_video_mp4_f4.jpg,val,spoof
replay_video_mp4_f5.jpg,val,spoof
replay_video_mp4_f6.jpg,val,spoof
replay_video_mp4_f7.jpg,val,spoof
replay_video_mp4_f8.jpg,val,spoof
replay_video_mp4_f9.jpg,val,spoof
